Age,Total_Transactions,Avg_Amount_Spent,Num_Product_Categories,Total_Interactions,Complaint_Count,Unresolved_Count,LoginFrequency,Days_Since_Last_Login,Gender_M,MaritalStatus_Married,MaritalStatus_Single,MaritalStatus_Widowed,IncomeLevel_Low,IncomeLevel_Medium,ServiceUsage_Online Banking,ServiceUsage_Website
62,1,416.5,1,1.0,0.0,0.0,34,741,1,0,1,0,1,0,0,0
65,7,221.06,4,1.0,0.0,0.0,5,696,1,1,0,0,1,0,0,1
18,6,283.83,4,1.0,0.0,0.0,3,716,1,0,1,0,1,0,0,1
21,5,183.458,4,2.0,0.0,1.0,2,798,1,0,0,1,1,0,0,1
21,8,250.18625,3,0.0,0.0,0.0,41,735,1,0,0,0,0,1,0,1
57,5,232.858,4,1.0,0.0,0.0,2,775,0,0,0,0,0,1,0,1
27,1,86.73,1,0.0,0.0,0.0,32,1028,0,1,0,0,0,0,0,0
37,7,292.4114285714286,4,2.0,0.0,2.0,17,923,1,0,1,0,1,0,1,0
39,5,263.448,3,1.0,0.0,0.0,24,857,1,0,0,0,0,0,0,1
68,7,199.62285714285716,4,0.0,0.0,0.0,29,1022,1,1,0,0,0,0,1,0
54,5,346.766,2,2.0,0.0,1.0,30,1013,1,0,0,0,0,1,1,0
41,1,87.1,1,2.0,0.0,1.0,43,670,0,1,0,0,1,0,0,1
24,3,130.67333333333332,3,1.0,1.0,0.0,10,849,0,0,0,0,1,0,0,0
42,9,315.95444444444445,4,2.0,1.0,1.0,26,1025,1,0,0,1,0,1,1,0
42,8,239.2525,5,2.0,1.0,2.0,44,869,1,0,0,0,0,1,1,0
30,9,224.42111111111112,4,2.0,0.0,0.0,41,961,0,0,1,0,0,1,1,0
19,7,232.18142857142857,5,2.0,0.0,1.0,8,789,1,1,0,0,1,0,1,0
56,5,190.276,3,1.0,0.0,1.0,37,707,0,1,0,0,0,0,0,1
57,5,203.452,3,2.0,2.0,2.0,39,968,0,0,0,0,0,0,1,0
41,9,308.4277777777777,5,1.0,0.0,0.0,16,808,1,0,1,0,1,0,0,1
64,5,182.604,2,0.0,0.0,0.0,18,868,1,0,0,0,0,0,0,1
42,6,263.78833333333336,4,2.0,0.0,0.0,42,909,0,0,0,0,1,0,0,0
35,4,372.685,2,2.0,2.0,1.0,19,847,0,0,0,0,1,0,0,0
55,5,228.644,4,1.0,1.0,0.0,12,758,1,0,0,1,0,1,0,0
43,3,254.9233333333333,2,1.0,0.0,0.0,27,989,0,1,0,0,1,0,0,0
31,3,190.58666666666667,3,1.0,1.0,0.0,45,763,1,0,1,0,0,1,0,0
26,8,276.325,5,1.0,0.0,1.0,22,761,1,0,0,1,0,1,0,0
27,6,283.71,3,2.0,1.0,2.0,42,736,0,0,0,1,0,0,1,0
38,3,284.3566666666666,2,2.0,0.0,1.0,34,790,0,0,0,0,0,1,0,1
69,2,353.33,2,2.0,2.0,1.0,38,842,1,0,0,0,0,0,0,1
34,5,221.712,3,2.0,1.0,0.0,23,806,1,0,0,0,1,0,1,0
69,5,245.104,4,0.0,0.0,0.0,48,1029,0,1,0,0,0,0,0,0
23,2,344.5,2,1.0,0.0,0.0,24,896,1,0,0,0,0,0,0,0
33,9,209.6,4,2.0,0.0,1.0,44,942,1,0,0,1,0,0,1,0
65,3,259.94666666666666,3,1.0,1.0,1.0,19,892,1,1,0,0,1,0,0,0
18,6,220.25833333333333,4,1.0,0.0,0.0,6,993,0,0,0,1,1,0,1,0
36,9,351.8755555555556,4,1.0,1.0,0.0,3,795,0,1,0,0,0,1,1,0
53,3,291.62,2,1.0,0.0,0.0,47,704,0,1,0,0,1,0,1,0
42,5,238.388,3,0.0,0.0,0.0,26,1015,1,1,0,0,0,1,1,0
67,7,225.47857142857143,3,1.0,1.0,0.0,20,748,0,0,0,1,1,0,0,1
69,2,181.61,2,1.0,0.0,1.0,38,850,0,1,0,0,0,0,0,0
47,3,176.87,2,0.0,0.0,0.0,10,837,1,0,0,1,0,1,0,0
37,7,316.23285714285714,4,2.0,0.0,1.0,25,890,1,0,1,0,1,0,0,0
37,3,229.2733333333333,2,1.0,0.0,1.0,35,718,0,0,0,1,1,0,0,0
32,1,300.42,1,1.0,1.0,1.0,49,790,0,0,0,1,1,0,1,0
57,1,134.67,1,0.0,0.0,0.0,24,823,0,1,0,0,0,0,1,0
50,7,209.48142857142852,5,0.0,0.0,0.0,21,926,0,1,0,0,0,1,0,1
19,7,228.1842857142857,5,0.0,0.0,0.0,34,872,1,0,0,0,0,1,0,1
27,3,213.82666666666668,3,0.0,0.0,0.0,18,985,0,0,1,0,0,1,1,0
50,4,378.655,3,2.0,1.0,2.0,19,839,0,0,1,0,1,0,1,0
49,3,183.28666666666663,3,0.0,0.0,0.0,3,731,1,0,0,0,0,1,0,0
28,1,401.25,1,0.0,0.0,0.0,6,988,1,0,0,1,0,1,0,0
41,7,179.3342857142857,4,0.0,0.0,0.0,20,760,0,0,0,1,1,0,0,0
53,2,230.605,2,2.0,1.0,0.0,22,1015,0,1,0,0,1,0,1,0
29,5,225.87,3,0.0,0.0,0.0,33,805,0,0,1,0,1,0,0,1
68,5,288.692,4,0.0,0.0,0.0,14,803,0,1,0,0,1,0,0,0
46,3,199.25,3,1.0,1.0,1.0,44,834,0,0,0,0,0,0,1,0
52,6,369.3033333333333,4,2.0,1.0,2.0,9,928,1,0,1,0,0,0,1,0
18,3,97.50333333333332,2,0.0,0.0,0.0,45,690,1,1,0,0,0,1,1,0
18,4,195.2725,4,2.0,0.0,1.0,25,974,0,0,1,0,0,0,0,0
54,3,226.32333333333332,2,1.0,1.0,0.0,47,674,1,0,1,0,1,0,0,1
23,4,210.0,4,2.0,1.0,0.0,16,796,0,1,0,0,0,0,0,0
56,9,245.01222222222225,5,0.0,0.0,0.0,7,889,1,1,0,0,1,0,0,0
58,3,321.7366666666667,3,0.0,0.0,0.0,11,881,0,0,1,0,0,0,1,0
35,5,271.97799999999995,3,0.0,0.0,0.0,27,767,0,0,0,0,1,0,0,0
33,8,176.13875,4,0.0,0.0,0.0,40,806,1,0,0,1,0,1,1,0
22,4,175.44,2,2.0,0.0,0.0,17,831,0,0,1,0,0,1,1,0
59,4,221.62,4,2.0,1.0,2.0,5,829,0,0,0,0,0,0,0,1
60,4,259.6325,3,1.0,0.0,0.0,29,718,0,0,1,0,1,0,0,0
49,7,350.56857142857143,4,0.0,0.0,0.0,10,961,0,1,0,0,0,1,0,0
19,3,158.1966666666667,2,2.0,0.0,1.0,47,806,0,0,0,0,1,0,1,0
19,6,180.0666666666667,3,2.0,2.0,1.0,25,920,0,0,0,0,0,0,1,0
57,9,250.46888888888887,3,1.0,0.0,0.0,24,735,1,0,1,0,1,0,1,0
59,8,260.47375,5,1.0,1.0,0.0,44,985,1,0,0,1,1,0,0,0
53,4,192.4925,4,1.0,0.0,0.0,12,867,0,0,1,0,0,0,0,0
56,4,220.98,2,2.0,1.0,1.0,5,906,0,0,0,1,0,1,0,1
29,8,224.6325,3,0.0,0.0,0.0,29,747,1,0,0,0,0,0,1,0
64,3,272.2966666666667,2,1.0,0.0,1.0,35,755,1,0,0,1,1,0,0,0
36,3,310.44,2,1.0,1.0,0.0,23,925,1,1,0,0,0,0,1,0
45,1,110.82,1,0.0,0.0,0.0,32,875,1,0,0,1,0,0,0,0
18,8,272.72125,4,0.0,0.0,0.0,40,698,0,0,0,1,1,0,0,1
32,1,232.38,1,0.0,0.0,0.0,19,907,0,0,0,0,0,0,0,0
53,6,236.6533333333333,4,2.0,0.0,2.0,25,670,1,0,0,1,0,1,0,0
30,5,309.182,4,0.0,0.0,0.0,45,701,1,0,0,0,0,1,1,0
60,9,187.78666666666663,4,0.0,0.0,0.0,37,815,1,1,0,0,0,0,0,0
38,7,239.23714285714283,3,0.0,0.0,0.0,1,744,1,1,0,0,1,0,0,1
29,5,282.368,4,2.0,1.0,1.0,43,709,0,0,1,0,0,0,0,1
22,2,223.67,2,0.0,0.0,0.0,13,996,1,0,1,0,0,0,1,0
24,7,278.85571428571427,4,0.0,0.0,0.0,12,786,1,0,1,0,0,1,0,0
22,6,204.9933333333333,4,1.0,0.0,0.0,47,885,1,1,0,0,0,1,1,0
65,9,200.52666666666667,5,2.0,0.0,1.0,43,1001,0,0,0,1,1,0,0,0
21,8,283.16,5,2.0,0.0,1.0,37,853,0,0,0,0,1,0,0,0
30,5,169.614,3,2.0,2.0,0.0,42,746,0,1,0,0,1,0,0,0
54,3,371.2033333333334,2,0.0,0.0,0.0,41,857,1,0,0,1,0,0,0,1
58,3,225.75666666666663,3,1.0,1.0,0.0,12,864,0,0,1,0,0,0,1,0
32,1,161.84,1,2.0,2.0,2.0,36,977,0,0,0,0,0,0,0,0
33,2,276.825,1,2.0,1.0,0.0,38,681,1,0,1,0,0,0,0,1
38,5,178.752,4,1.0,0.0,0.0,9,892,0,0,0,0,1,0,0,0
53,5,177.95,4,0.0,0.0,0.0,14,994,1,0,0,1,1,0,1,0
41,4,277.14,2,2.0,1.0,0.0,45,882,0,1,0,0,1,0,1,0
33,1,492.35,1,2.0,0.0,1.0,35,1020,0,0,1,0,0,0,1,0
31,6,338.32666666666665,4,2.0,1.0,1.0,32,1021,1,1,0,0,0,0,1,0
39,9,255.3033333333333,4,2.0,0.0,0.0,46,918,1,0,0,1,1,0,0,0
66,9,296.3155555555556,4,2.0,0.0,1.0,3,953,0,0,0,1,0,1,1,0
67,8,232.95,3,2.0,0.0,2.0,30,677,0,0,0,1,1,0,0,1
23,3,291.6933333333333,3,2.0,1.0,1.0,49,834,1,1,0,0,0,0,0,0
59,6,257.12666666666667,4,0.0,0.0,0.0,7,1008,0,1,0,0,0,0,1,0
53,2,247.155,2,2.0,0.0,2.0,1,952,1,0,0,0,1,0,0,0
18,6,212.45,5,2.0,1.0,2.0,20,917,1,1,0,0,0,1,0,0
49,3,241.0,3,2.0,0.0,0.0,25,752,1,1,0,0,0,1,0,1
23,2,306.59000000000003,2,1.0,0.0,1.0,33,867,0,0,0,1,0,0,0,1
48,3,250.05666666666664,3,1.0,0.0,0.0,35,746,0,0,0,0,0,0,0,1
18,7,262.00142857142856,4,1.0,1.0,1.0,44,933,0,1,0,0,0,0,1,0
67,8,266.66,5,0.0,0.0,0.0,24,821,0,1,0,0,1,0,0,1
68,5,130.724,4,0.0,0.0,0.0,14,771,0,0,0,1,0,0,0,0
54,7,214.89714285714285,3,1.0,1.0,0.0,39,803,1,1,0,0,0,0,0,0
52,2,224.24,2,0.0,0.0,0.0,44,676,0,0,0,1,0,0,1,0
66,6,270.89833333333337,4,1.0,0.0,1.0,34,761,1,0,0,0,0,1,1,0
47,8,251.54125,5,2.0,1.0,0.0,18,947,1,0,0,1,0,1,0,0
21,6,194.7983333333333,3,2.0,1.0,1.0,2,981,0,0,0,1,0,0,1,0
52,5,214.602,4,2.0,2.0,1.0,38,783,1,0,0,0,0,1,0,0
60,9,313.94666666666666,5,1.0,0.0,0.0,17,870,0,0,1,0,0,1,0,0
31,3,312.86,2,2.0,0.0,0.0,23,961,1,0,0,1,0,1,0,0
66,7,326.2685714285714,4,2.0,0.0,0.0,33,985,1,1,0,0,0,1,0,1
57,2,372.445,2,0.0,0.0,0.0,28,863,1,0,0,1,1,0,1,0
39,9,258.11333333333334,4,0.0,0.0,0.0,15,901,0,0,0,0,0,1,0,1
27,8,247.02125,4,1.0,0.0,0.0,11,1017,0,1,0,0,0,1,0,1
18,2,315.1,2,2.0,2.0,1.0,23,847,0,0,0,0,0,1,0,1
28,2,121.775,2,1.0,0.0,0.0,13,955,0,0,0,1,0,1,0,1
68,2,276.115,1,1.0,0.0,1.0,47,979,1,0,0,0,1,0,0,0
61,8,340.8375,5,1.0,0.0,0.0,11,768,0,0,0,0,1,0,0,1
41,9,208.88222222222225,5,0.0,0.0,0.0,36,869,0,0,1,0,0,0,0,1
20,4,224.0675,2,1.0,0.0,0.0,38,932,1,0,0,1,0,1,0,0
52,6,261.68,4,1.0,0.0,1.0,27,1030,1,0,0,1,0,1,0,0
53,2,220.875,2,0.0,0.0,0.0,18,865,0,0,0,1,0,0,0,0
48,2,209.93,2,0.0,0.0,0.0,40,724,1,0,0,1,1,0,0,0
21,1,431.47,1,0.0,0.0,0.0,38,865,0,1,0,0,0,0,1,0
36,8,350.58125,4,1.0,0.0,1.0,34,956,1,0,0,0,1,0,1,0
64,7,292.2128571428572,2,2.0,0.0,1.0,22,881,0,0,0,1,0,0,0,1
53,3,341.41,2,1.0,0.0,0.0,18,741,1,1,0,0,0,0,0,0
38,7,354.82142857142856,4,2.0,2.0,0.0,41,856,0,0,0,1,0,1,1,0
35,5,278.398,3,1.0,0.0,1.0,18,918,1,0,0,0,0,0,0,0
68,2,171.635,1,1.0,0.0,0.0,13,676,0,0,0,1,1,0,0,1
45,1,419.85,1,1.0,0.0,0.0,39,986,0,1,0,0,1,0,1,0
32,5,353.74,2,2.0,1.0,2.0,16,751,0,1,0,0,0,0,1,0
59,5,274.746,4,0.0,0.0,0.0,8,689,0,0,0,0,1,0,0,0
19,8,282.5425,4,2.0,1.0,1.0,34,790,0,0,0,1,0,0,0,0
54,1,13.04,1,2.0,1.0,1.0,29,967,0,1,0,0,0,1,0,1
28,1,444.84,1,1.0,1.0,0.0,6,987,1,0,1,0,0,1,1,0
40,8,149.1575,5,0.0,0.0,0.0,38,855,0,0,0,1,0,1,0,0
61,1,334.2,1,2.0,0.0,1.0,36,882,1,0,1,0,0,1,0,0
58,7,206.97142857142856,3,0.0,0.0,0.0,48,762,0,1,0,0,0,0,0,0
29,5,347.03200000000004,4,1.0,1.0,1.0,42,1009,1,1,0,0,1,0,1,0
20,7,250.50714285714284,3,0.0,0.0,0.0,26,926,0,0,0,0,0,0,0,0
69,8,235.385,4,2.0,2.0,0.0,18,937,1,0,0,0,1,0,0,1
34,7,100.41714285714286,4,0.0,0.0,0.0,11,854,0,0,0,1,0,0,0,0
50,7,344.66857142857145,4,0.0,0.0,0.0,27,871,1,1,0,0,1,0,0,0
18,7,210.1842857142857,5,0.0,0.0,0.0,30,759,0,1,0,0,1,0,1,0
56,1,25.75,1,2.0,1.0,2.0,18,904,1,1,0,0,0,0,0,1
37,8,256.64125,4,2.0,1.0,1.0,43,913,1,1,0,0,0,1,1,0
64,6,330.64,4,1.0,1.0,1.0,4,830,1,0,1,0,0,0,0,0
60,3,141.96,3,2.0,1.0,1.0,6,873,0,1,0,0,0,1,0,0
69,3,354.96000000000004,3,2.0,0.0,1.0,22,1022,1,0,0,0,0,0,0,0
58,5,191.098,3,1.0,0.0,0.0,2,706,0,0,0,1,1,0,0,1
31,1,181.34,1,0.0,0.0,0.0,47,975,0,0,0,1,0,1,0,0
48,5,248.3,3,1.0,0.0,0.0,48,820,0,0,0,1,1,0,1,0
42,8,294.54375,5,1.0,0.0,0.0,40,973,0,0,1,0,1,0,0,1
20,4,281.7325,3,2.0,2.0,1.0,32,794,1,1,0,0,1,0,0,1
21,9,240.52777777777777,4,1.0,0.0,1.0,39,866,0,0,0,1,0,0,0,0
48,7,206.9042857142857,4,1.0,0.0,1.0,21,750,1,0,0,0,1,0,0,1
52,7,361.8157142857143,5,1.0,0.0,0.0,8,911,0,0,1,0,0,0,0,0
61,6,328.7933333333333,3,2.0,1.0,1.0,25,689,1,1,0,0,0,1,0,1
31,3,202.03,2,1.0,0.0,0.0,41,740,0,1,0,0,1,0,0,0
66,7,257.3514285714286,4,1.0,1.0,1.0,36,967,0,1,0,0,0,1,0,0
58,7,174.12857142857143,4,2.0,0.0,1.0,4,704,1,1,0,0,0,1,0,1
26,6,156.13,4,0.0,0.0,0.0,15,769,0,0,1,0,0,0,0,1
37,1,429.79,1,1.0,0.0,1.0,28,971,0,0,0,0,0,1,0,1
49,3,247.21,2,0.0,0.0,0.0,20,909,0,1,0,0,0,0,0,1
26,2,206.29,2,0.0,0.0,0.0,38,786,0,0,1,0,0,0,0,1
44,7,283.70428571428573,4,0.0,0.0,0.0,6,1005,0,0,1,0,0,1,1,0
20,2,357.84000000000003,1,0.0,0.0,0.0,30,923,0,0,0,0,0,1,0,0
21,5,298.33000000000004,4,2.0,0.0,0.0,32,872,0,0,1,0,0,1,1,0
62,3,378.48,1,1.0,0.0,0.0,49,924,0,0,1,0,0,0,1,0
32,2,48.595,2,0.0,0.0,0.0,41,931,1,0,0,1,0,0,1,0
50,6,214.1483333333333,4,2.0,1.0,0.0,4,739,0,0,0,1,0,1,1,0
22,3,153.6233333333333,2,0.0,0.0,0.0,35,744,1,0,0,0,0,0,0,0
21,2,256.63,2,2.0,1.0,0.0,30,1026,0,0,0,1,0,1,0,0
63,6,294.7083333333333,5,2.0,0.0,1.0,49,947,1,0,1,0,0,0,0,0
29,3,191.49,3,2.0,0.0,1.0,41,863,1,0,1,0,0,0,0,0
40,7,202.56714285714287,3,1.0,0.0,1.0,22,944,1,0,0,0,1,0,0,1
31,7,277.5214285714286,5,2.0,0.0,1.0,2,989,0,0,1,0,1,0,0,1
63,3,390.8433333333333,2,2.0,1.0,1.0,12,847,0,0,0,0,0,1,0,1
29,1,270.34,1,2.0,0.0,1.0,34,904,1,0,0,1,1,0,0,1
34,5,277.794,3,0.0,0.0,0.0,34,739,0,0,0,1,0,0,0,1
42,6,285.285,3,2.0,0.0,1.0,14,969,0,1,0,0,0,1,0,1
47,8,266.77,5,2.0,1.0,2.0,39,1013,1,0,0,1,1,0,0,1
39,4,231.3575,3,2.0,1.0,1.0,39,960,0,1,0,0,0,1,1,0
64,7,208.75,4,0.0,0.0,0.0,45,863,1,1,0,0,0,1,1,0
43,6,211.70833333333331,3,2.0,1.0,1.0,6,1027,1,1,0,0,0,0,0,1
34,6,283.6766666666667,3,2.0,1.0,0.0,8,994,0,0,1,0,1,0,1,0
37,3,318.86,3,2.0,0.0,1.0,27,809,1,1,0,0,0,0,1,0
51,1,336.18,1,2.0,0.0,0.0,12,969,0,0,0,1,0,1,0,0
58,6,294.65000000000003,4,2.0,2.0,0.0,21,929,0,0,0,0,0,1,0,1
50,2,227.07,2,2.0,0.0,1.0,38,907,0,0,0,1,0,1,1,0
54,4,185.4925,3,0.0,0.0,0.0,4,1008,0,0,0,0,1,0,0,0
24,1,99.58,1,0.0,0.0,0.0,25,704,1,0,0,1,0,0,0,0
39,8,224.89625,4,0.0,0.0,0.0,43,948,0,0,0,0,0,0,0,1
49,2,218.445,1,0.0,0.0,0.0,24,881,0,0,0,1,1,0,1,0
31,4,332.015,4,0.0,0.0,0.0,12,750,0,0,0,0,0,0,0,0
25,7,246.75285714285715,4,0.0,0.0,0.0,29,830,1,1,0,0,0,0,1,0
42,6,203.70166666666668,3,0.0,0.0,0.0,35,973,1,0,0,0,0,1,1,0
33,7,149.6585714285714,5,1.0,0.0,0.0,37,870,0,1,0,0,0,1,0,1
59,7,298.9842857142857,3,1.0,1.0,0.0,30,981,0,0,0,1,0,1,0,1
36,2,367.05,2,0.0,0.0,0.0,41,729,0,0,0,0,1,0,1,0
58,6,223.95,4,2.0,1.0,2.0,42,724,0,0,0,0,0,1,1,0
33,5,314.172,3,2.0,0.0,0.0,35,786,0,0,0,1,0,0,0,0
29,8,322.0975,4,1.0,0.0,1.0,1,809,1,1,0,0,1,0,1,0
56,7,252.36714285714285,4,0.0,0.0,0.0,40,872,0,1,0,0,0,0,0,0
65,4,406.08,3,0.0,0.0,0.0,26,836,1,0,1,0,1,0,1,0
47,3,343.4866666666667,2,0.0,0.0,0.0,35,719,1,0,1,0,0,0,1,0
19,4,319.3225,3,1.0,1.0,0.0,42,868,0,0,1,0,1,0,0,0
49,7,243.20714285714288,4,0.0,0.0,0.0,7,881,1,0,0,0,0,0,0,1
62,6,289.37666666666667,3,1.0,0.0,0.0,4,832,0,0,0,0,0,1,1,0
42,8,315.04,5,0.0,0.0,0.0,5,899,1,0,0,0,1,0,0,1
42,8,331.28625,3,2.0,0.0,1.0,39,839,1,0,0,1,0,0,1,0
21,7,208.74,4,1.0,0.0,1.0,11,966,0,0,1,0,0,0,0,0
36,7,178.62142857142857,5,0.0,0.0,0.0,15,723,1,0,0,1,0,0,1,0
65,6,364.2266666666667,4,2.0,0.0,1.0,32,746,0,0,1,0,0,0,0,1
21,9,284.3366666666667,4,1.0,0.0,1.0,37,678,0,0,1,0,0,1,0,1
60,6,244.6783333333333,3,2.0,2.0,1.0,9,788,0,0,0,0,0,1,1,0
30,4,338.355,3,0.0,0.0,0.0,47,984,0,1,0,0,1,0,1,0
56,8,260.27375,4,2.0,0.0,2.0,32,784,0,0,1,0,1,0,1,0
53,3,272.47333333333336,3,2.0,0.0,0.0,33,774,0,1,0,0,0,0,0,1
40,8,197.0875,5,0.0,0.0,0.0,23,865,1,0,0,1,1,0,1,0
23,3,256.8333333333333,1,2.0,0.0,2.0,15,673,1,0,0,0,0,0,0,0
41,6,247.165,3,2.0,1.0,0.0,30,767,0,0,1,0,1,0,1,0
61,1,398.99,1,0.0,0.0,0.0,16,1022,1,0,0,0,1,0,1,0
50,3,254.14666666666665,2,1.0,0.0,1.0,22,772,1,0,0,1,0,0,0,0
29,9,294.9822222222222,3,1.0,1.0,1.0,43,753,0,1,0,0,0,1,0,0
58,2,429.735,1,1.0,1.0,0.0,30,827,1,0,0,0,0,0,1,0
38,9,242.88111111111115,4,1.0,1.0,0.0,1,682,0,0,0,0,0,1,0,0
28,3,242.2433333333333,3,2.0,1.0,1.0,35,988,0,0,1,0,1,0,1,0
61,9,262.46444444444444,4,1.0,0.0,1.0,18,692,1,1,0,0,0,1,0,1
55,7,235.7,4,2.0,2.0,2.0,15,863,0,0,0,1,0,0,1,0
46,9,329.45444444444445,5,0.0,0.0,0.0,21,897,0,0,1,0,1,0,1,0
65,4,292.785,3,1.0,0.0,0.0,40,952,0,0,0,0,0,1,0,0
58,7,269.6685714285714,3,2.0,1.0,0.0,2,677,0,0,0,0,0,1,1,0
20,5,303.828,4,1.0,1.0,1.0,30,797,1,1,0,0,0,0,1,0
45,1,356.39,1,1.0,1.0,1.0,40,998,0,0,0,1,1,0,0,1
37,7,229.62285714285716,5,1.0,0.0,0.0,32,1026,1,0,0,1,1,0,0,1
43,7,281.2557142857143,5,1.0,1.0,0.0,28,952,0,0,0,0,0,1,0,1
41,4,245.1775,2,0.0,0.0,0.0,11,812,1,0,0,1,0,1,1,0
69,5,263.822,4,1.0,1.0,0.0,7,698,1,0,1,0,0,1,1,0
64,9,246.6955555555556,5,2.0,1.0,1.0,1,798,0,1,0,0,1,0,0,0
38,7,381.8128571428571,4,1.0,1.0,1.0,43,867,1,0,0,0,0,1,0,0
47,1,208.67,1,2.0,0.0,1.0,28,797,0,0,0,1,0,1,0,0
21,1,92.62,1,1.0,0.0,0.0,39,1004,0,0,0,1,1,0,0,1
53,4,208.2125,2,2.0,1.0,1.0,19,867,1,0,1,0,1,0,0,0
57,6,244.945,4,1.0,0.0,0.0,39,960,1,0,0,1,0,0,1,0
27,8,299.465,5,1.0,0.0,0.0,32,799,1,0,1,0,1,0,0,1
27,1,489.07,1,1.0,1.0,1.0,49,886,1,1,0,0,1,0,1,0
59,9,326.7322222222222,5,2.0,0.0,2.0,30,1000,0,0,0,0,0,0,0,1
41,1,13.04,1,2.0,1.0,0.0,2,673,1,0,1,0,1,0,0,1
21,2,262.51,2,1.0,0.0,0.0,44,968,0,0,0,1,0,0,1,0
64,5,302.374,4,0.0,0.0,0.0,43,939,1,0,0,1,1,0,1,0
44,1,459.39,1,1.0,0.0,0.0,37,1028,1,1,0,0,0,0,1,0
68,3,153.78666666666666,3,1.0,0.0,1.0,19,707,0,0,1,0,0,1,1,0
62,5,219.23200000000003,3,0.0,0.0,0.0,26,682,1,0,0,0,0,1,0,0
21,9,235.98555555555555,4,2.0,0.0,1.0,1,868,0,0,0,1,0,1,0,0
49,3,244.91333333333333,2,1.0,0.0,1.0,42,933,1,0,1,0,0,0,0,0
27,3,288.6566666666667,3,0.0,0.0,0.0,28,734,1,0,0,1,0,1,1,0
28,8,146.255,4,2.0,0.0,2.0,26,838,0,0,0,0,1,0,1,0
45,7,223.26142857142852,3,0.0,0.0,0.0,40,793,0,0,1,0,0,0,0,0
63,4,279.3325,4,1.0,0.0,1.0,35,1011,0,0,0,1,1,0,1,0
25,3,201.93,2,2.0,0.0,1.0,3,869,0,0,0,0,1,0,0,1
57,7,295.6714285714285,4,0.0,0.0,0.0,26,882,0,0,1,0,1,0,1,0
39,6,202.9633333333333,4,0.0,0.0,0.0,33,848,0,0,1,0,0,0,0,0
51,5,284.62,4,1.0,0.0,1.0,22,982,0,1,0,0,1,0,1,0
62,4,302.485,3,1.0,0.0,0.0,6,933,1,0,0,0,0,1,0,0
52,4,209.0825,3,2.0,1.0,1.0,42,712,0,0,1,0,0,0,1,0
52,8,195.49375,5,1.0,0.0,0.0,34,686,1,1,0,0,0,1,1,0
42,5,403.336,4,1.0,0.0,0.0,3,832,1,0,1,0,0,0,1,0
51,5,272.572,2,0.0,0.0,0.0,17,772,0,0,0,1,1,0,1,0
23,6,280.52166666666665,4,0.0,0.0,0.0,6,900,1,1,0,0,0,1,0,0
58,5,205.31800000000004,4,0.0,0.0,0.0,42,792,1,0,1,0,0,0,0,0
54,2,256.095,2,2.0,0.0,1.0,5,942,0,0,0,1,1,0,0,1
18,2,307.535,2,2.0,0.0,1.0,20,874,1,0,0,1,1,0,0,1
29,8,277.23125,5,2.0,1.0,2.0,1,955,0,0,0,1,0,0,0,1
52,1,30.48,1,0.0,0.0,0.0,24,717,1,1,0,0,0,0,0,0
23,1,403.33,1,1.0,0.0,1.0,9,777,1,0,0,1,0,0,0,0
34,6,262.12333333333333,4,2.0,1.0,2.0,15,766,0,0,0,0,0,0,0,1
26,8,303.7125,5,2.0,0.0,1.0,37,695,1,0,1,0,0,1,0,1
19,1,209.68,1,0.0,0.0,0.0,18,1009,1,0,0,0,0,0,0,0
35,6,313.68,3,1.0,0.0,0.0,22,957,0,0,0,1,1,0,1,0
66,3,320.33,2,0.0,0.0,0.0,11,967,0,0,0,1,0,1,0,1
53,1,261.24,1,1.0,0.0,1.0,38,700,1,0,0,0,1,0,0,0
45,8,214.26125,5,0.0,0.0,0.0,3,756,1,1,0,0,1,0,0,0
58,6,217.54166666666663,4,1.0,0.0,1.0,29,800,0,0,0,1,0,0,0,1
54,1,9.8,1,2.0,0.0,1.0,46,727,1,0,0,1,0,1,0,0
66,4,231.6325,3,2.0,0.0,0.0,32,747,0,0,0,0,0,0,0,1
43,6,216.49166666666667,4,1.0,0.0,0.0,34,760,0,0,0,1,1,0,1,0
21,4,231.395,3,2.0,0.0,0.0,8,986,1,0,0,1,0,0,0,1
57,3,316.32,2,1.0,1.0,0.0,34,895,0,1,0,0,0,0,1,0
53,3,231.91,3,1.0,0.0,1.0,5,917,0,1,0,0,0,0,1,0
68,1,288.26,1,0.0,0.0,0.0,9,839,1,1,0,0,0,0,0,0
48,9,253.95555555555555,5,0.0,0.0,0.0,17,912,0,1,0,0,0,0,0,0
47,4,354.17,3,1.0,1.0,0.0,20,727,1,1,0,0,0,0,0,0
67,7,255.9557142857143,4,0.0,0.0,0.0,42,739,1,0,0,1,0,1,0,0
51,5,280.1,3,1.0,0.0,0.0,27,929,1,0,1,0,0,0,1,0
36,4,264.535,3,0.0,0.0,0.0,5,849,0,0,0,1,0,1,1,0
35,5,118.58,4,2.0,2.0,0.0,46,847,1,0,0,1,0,0,0,0
47,2,141.58,2,2.0,0.0,2.0,29,861,1,0,1,0,0,1,0,1
38,1,34.91,1,0.0,0.0,0.0,11,865,1,0,0,0,1,0,1,0
20,2,268.145,2,1.0,0.0,1.0,26,955,1,0,1,0,0,1,0,0
23,2,300.655,2,1.0,1.0,1.0,23,753,0,1,0,0,0,1,0,0
55,8,81.21375,5,0.0,0.0,0.0,18,1007,0,0,0,1,1,0,0,0
30,3,155.94333333333333,3,2.0,2.0,2.0,20,882,1,1,0,0,0,0,0,1
62,8,268.18,5,0.0,0.0,0.0,44,781,0,0,1,0,0,0,0,1
20,1,477.46,1,0.0,0.0,0.0,21,964,0,0,0,0,0,1,1,0
65,2,411.875,2,2.0,1.0,1.0,26,993,0,0,0,0,0,0,1,0
45,9,223.02666666666667,4,2.0,1.0,1.0,32,732,1,0,0,1,0,0,1,0
39,1,61.98,1,2.0,0.0,2.0,1,711,0,0,1,0,1,0,1,0
57,4,209.825,3,1.0,0.0,0.0,2,966,0,1,0,0,0,0,0,1
57,6,228.28333333333333,4,2.0,2.0,2.0,4,981,0,1,0,0,0,0,0,0
29,2,276.895,2,2.0,2.0,2.0,41,762,0,0,0,0,0,1,1,0
40,3,201.9633333333333,2,0.0,0.0,0.0,10,950,0,0,0,1,0,0,0,1
48,2,201.685,2,2.0,1.0,1.0,28,796,1,0,1,0,0,0,0,1
35,5,169.652,3,0.0,0.0,0.0,49,928,0,1,0,0,0,1,0,0
24,8,295.14875,4,1.0,0.0,1.0,37,810,0,0,0,0,0,1,1,0
25,9,286.94888888888886,5,0.0,0.0,0.0,17,774,1,0,0,1,0,1,0,0
36,5,181.664,5,2.0,1.0,1.0,30,1033,1,0,0,0,0,0,0,1
46,5,315.488,2,0.0,0.0,0.0,6,695,1,0,0,1,0,0,0,1
61,7,348.4842857142857,4,2.0,1.0,1.0,11,688,1,0,1,0,0,0,0,1
37,6,286.56166666666667,4,1.0,1.0,0.0,11,1017,0,0,0,0,0,0,1,0
67,2,378.26,2,2.0,0.0,0.0,2,674,0,1,0,0,0,0,0,0
59,1,135.94,1,0.0,0.0,0.0,20,1010,0,0,0,1,0,0,0,0
47,2,304.03,1,0.0,0.0,0.0,34,797,0,0,0,0,0,1,0,1
64,1,13.86,1,0.0,0.0,0.0,41,697,0,0,0,1,0,1,0,0
39,4,170.735,3,1.0,0.0,0.0,1,922,1,0,0,0,0,0,0,1
27,6,191.18,4,1.0,1.0,1.0,48,771,0,0,0,0,1,0,0,0
43,6,170.47666666666666,4,1.0,0.0,0.0,27,849,1,0,1,0,0,1,1,0
68,7,327.96571428571434,2,1.0,0.0,0.0,26,760,1,1,0,0,0,0,1,0
50,3,308.21,3,2.0,0.0,0.0,26,828,1,0,0,0,0,1,1,0
45,6,244.4333333333333,3,2.0,1.0,1.0,8,857,0,0,1,0,1,0,0,0
27,8,247.5625,4,1.0,0.0,0.0,29,784,0,0,0,1,0,1,1,0
46,6,273.6033333333333,3,1.0,0.0,1.0,17,1028,1,0,0,1,0,1,1,0
61,9,219.38333333333333,5,2.0,1.0,1.0,33,834,1,0,0,0,0,1,0,0
35,2,352.35,2,1.0,1.0,0.0,1,701,1,1,0,0,0,1,1,0
59,6,229.4233333333333,4,2.0,2.0,0.0,24,803,1,0,0,1,0,0,0,0
18,9,300.2522222222222,5,1.0,1.0,1.0,25,922,1,0,0,0,1,0,1,0
40,2,294.34,2,1.0,1.0,1.0,1,831,1,0,0,1,0,0,0,0
34,5,298.78000000000003,3,2.0,2.0,1.0,26,790,0,0,1,0,0,1,0,1
60,1,266.08,1,2.0,0.0,1.0,16,957,1,0,0,0,0,1,1,0
54,3,108.13333333333333,2,1.0,0.0,1.0,49,841,1,0,0,0,0,1,1,0
48,1,368.57,1,2.0,1.0,1.0,33,1029,1,0,0,0,1,0,0,1
42,8,289.54625,5,0.0,0.0,0.0,28,839,1,0,1,0,1,0,0,0
21,4,195.045,3,2.0,0.0,1.0,45,782,1,0,0,0,0,0,1,0
69,9,253.6544444444445,5,1.0,1.0,1.0,24,1018,0,0,0,0,0,1,0,0
26,8,269.27125,5,1.0,1.0,0.0,36,912,1,0,1,0,1,0,0,1
45,8,216.4075,4,2.0,1.0,0.0,14,950,0,0,0,1,0,1,1,0
47,9,260.9344444444444,3,0.0,0.0,0.0,49,926,1,0,1,0,0,0,0,0
64,2,234.57,2,2.0,1.0,1.0,5,809,1,1,0,0,0,0,0,0
41,9,168.24,4,1.0,1.0,0.0,27,1034,0,0,1,0,1,0,1,0
50,1,286.8,1,2.0,0.0,0.0,14,795,1,0,0,1,0,0,0,0
37,8,148.60500000000002,4,1.0,0.0,0.0,24,733,0,0,0,0,1,0,1,0
26,8,314.77,4,0.0,0.0,0.0,46,1019,0,0,0,0,0,1,0,1
25,7,313.97,5,1.0,1.0,1.0,28,776,0,0,1,0,1,0,0,0
41,6,323.2,3,0.0,0.0,0.0,8,1018,0,1,0,0,0,0,1,0
31,9,372.4822222222222,4,1.0,0.0,1.0,35,997,0,0,1,0,0,1,0,1
35,6,206.635,4,2.0,0.0,1.0,47,862,0,1,0,0,0,0,1,0
18,5,290.89,4,2.0,0.0,0.0,35,869,1,0,1,0,0,1,0,1
29,1,35.85,1,2.0,1.0,1.0,23,736,0,1,0,0,0,1,0,1
46,2,133.545,2,1.0,1.0,1.0,13,905,1,1,0,0,0,1,1,0
54,9,238.17666666666668,4,0.0,0.0,0.0,47,676,1,0,0,0,0,1,1,0
43,1,133.2,1,1.0,0.0,1.0,17,792,0,1,0,0,0,0,0,1
50,4,285.95,4,1.0,1.0,0.0,31,976,0,0,0,0,1,0,0,1
60,8,295.7875,4,2.0,0.0,1.0,10,904,0,0,1,0,0,1,1,0
32,4,333.4,3,2.0,1.0,1.0,36,801,1,0,1,0,0,0,0,1
40,8,197.76,4,1.0,1.0,0.0,29,830,0,0,1,0,0,0,1,0
46,6,195.44333333333336,4,0.0,0.0,0.0,16,874,0,0,1,0,0,0,0,0
38,4,271.905,3,1.0,0.0,0.0,33,836,1,0,1,0,1,0,0,1
36,9,274.12333333333333,4,1.0,0.0,0.0,14,975,0,0,0,0,0,0,0,0
22,4,200.14,2,2.0,1.0,1.0,7,802,1,0,1,0,0,0,1,0
40,2,169.58499999999998,2,2.0,1.0,1.0,33,675,0,1,0,0,1,0,0,1
53,4,334.57,3,0.0,0.0,0.0,3,799,1,0,0,1,0,0,0,0
37,4,193.2775,4,1.0,0.0,0.0,26,739,0,0,0,0,0,0,0,1
25,1,47.52,1,2.0,1.0,2.0,39,732,1,1,0,0,1,0,0,1
26,8,223.4275,5,0.0,0.0,0.0,5,802,0,0,0,1,1,0,1,0
31,3,174.29666666666665,2,0.0,0.0,0.0,23,941,0,0,0,1,1,0,1,0
23,1,281.95,1,0.0,0.0,0.0,33,986,1,0,0,0,0,1,0,0
18,7,284.3071428571429,3,0.0,0.0,0.0,30,833,0,1,0,0,1,0,0,0
26,7,219.04857142857145,3,1.0,0.0,0.0,33,789,0,0,0,1,0,1,0,0
33,8,245.10375,4,1.0,0.0,0.0,43,697,1,0,0,1,0,1,0,1
33,8,293.31,4,2.0,1.0,1.0,25,843,1,0,0,0,1,0,1,0
29,2,340.135,2,2.0,1.0,1.0,22,832,0,0,1,0,0,1,1,0
22,3,288.57666666666665,2,2.0,2.0,2.0,1,908,1,0,0,1,0,0,1,0
57,9,258.1088888888889,4,0.0,0.0,0.0,10,905,0,0,0,0,0,0,1,0
46,6,279.68666666666667,4,1.0,0.0,0.0,23,753,0,0,0,0,1,0,1,0
63,2,284.175,2,1.0,0.0,0.0,33,882,1,1,0,0,0,1,0,1
44,8,288.73125,4,0.0,0.0,0.0,39,957,1,0,0,0,0,0,1,0
28,4,318.34000000000003,3,2.0,1.0,1.0,28,801,0,0,0,0,0,1,0,1
64,2,304.79,2,2.0,0.0,1.0,43,812,1,0,1,0,0,1,0,0
67,7,235.10857142857145,5,2.0,1.0,0.0,8,793,0,0,0,1,0,0,1,0
45,9,309.6777777777777,4,1.0,1.0,0.0,27,734,1,1,0,0,1,0,0,0
69,3,169.49666666666667,2,0.0,0.0,0.0,5,979,0,0,0,0,0,1,1,0
53,8,252.2225,4,2.0,2.0,1.0,15,672,0,1,0,0,0,0,0,1
59,9,302.52666666666664,4,1.0,1.0,1.0,48,798,0,0,0,1,1,0,0,0
36,7,300.2,4,2.0,1.0,1.0,22,748,0,0,0,0,0,1,1,0
52,9,169.42666666666668,4,1.0,0.0,1.0,35,1015,0,0,0,0,0,1,0,0
69,6,237.7,5,1.0,0.0,1.0,30,814,0,1,0,0,0,1,1,0
48,1,87.02,1,0.0,0.0,0.0,48,772,0,0,1,0,0,1,0,1
61,1,184.86,1,0.0,0.0,0.0,44,670,1,0,0,1,1,0,0,1
36,5,318.52200000000005,4,2.0,0.0,2.0,33,960,1,0,0,1,0,1,0,1
63,7,213.98428571428573,4,1.0,0.0,0.0,30,788,1,0,0,1,0,0,1,0
41,1,354.64,1,1.0,0.0,0.0,36,866,0,0,0,0,0,0,1,0
19,5,288.452,4,2.0,1.0,2.0,16,922,1,0,0,0,0,0,1,0
24,3,291.21,2,0.0,0.0,0.0,38,722,1,0,0,0,1,0,0,1
60,3,427.5733333333333,2,2.0,1.0,1.0,23,772,1,1,0,0,0,0,1,0
66,5,250.886,3,0.0,0.0,0.0,37,997,1,0,0,1,0,1,1,0
48,8,267.5675,5,2.0,1.0,0.0,37,1029,0,0,0,1,0,1,0,1
34,2,297.21000000000004,2,1.0,1.0,1.0,28,685,0,0,0,1,0,0,0,0
44,7,252.98428571428573,5,1.0,0.0,0.0,14,758,1,0,1,0,1,0,0,0
53,5,265.89,2,0.0,0.0,0.0,4,941,0,0,0,0,1,0,0,0
67,7,137.91571428571427,3,1.0,0.0,1.0,39,768,0,0,0,1,0,1,0,1
60,9,196.50333333333333,3,2.0,1.0,1.0,33,728,0,0,0,1,0,1,0,1
27,7,209.4185714285714,4,0.0,0.0,0.0,31,782,0,0,0,0,0,0,0,1
62,3,173.85333333333332,3,2.0,0.0,0.0,13,809,0,0,0,0,1,0,1,0
31,8,301.76875,5,2.0,1.0,1.0,36,813,1,0,0,1,0,0,0,0
24,5,272.278,3,2.0,2.0,1.0,10,1024,0,1,0,0,0,1,0,0
56,1,148.98,1,2.0,0.0,1.0,47,852,1,1,0,0,0,1,1,0
57,2,116.935,2,1.0,0.0,0.0,31,889,0,1,0,0,0,0,0,1
26,7,262.06857142857143,4,0.0,0.0,0.0,26,685,1,1,0,0,1,0,0,0
31,5,260.486,3,0.0,0.0,0.0,14,698,1,0,1,0,0,1,0,0
25,1,41.19,1,2.0,0.0,1.0,4,722,0,1,0,0,0,1,0,0
34,1,488.45,1,1.0,1.0,0.0,33,958,1,0,0,1,1,0,1,0
40,3,181.33,3,2.0,0.0,1.0,47,774,0,0,0,1,0,1,0,1
33,8,212.27625,4,0.0,0.0,0.0,13,772,1,0,0,1,1,0,0,1
43,7,304.43,4,1.0,1.0,0.0,48,925,1,1,0,0,1,0,0,1
26,7,196.22,3,2.0,1.0,2.0,41,984,0,0,0,0,0,1,1,0
53,8,240.07625,4,2.0,0.0,1.0,34,985,1,0,0,1,0,0,1,0
24,8,320.045,4,1.0,1.0,1.0,43,734,0,1,0,0,0,1,0,0
35,1,412.55,1,1.0,0.0,0.0,35,864,1,0,1,0,0,1,0,0
25,5,223.128,4,0.0,0.0,0.0,28,876,0,0,1,0,0,1,0,1
38,2,193.755,1,0.0,0.0,0.0,31,695,1,0,0,1,0,1,0,0
43,5,200.492,4,2.0,0.0,1.0,30,888,1,0,0,0,0,0,1,0
20,6,252.8216666666667,4,2.0,0.0,1.0,32,749,0,0,1,0,0,0,0,0
34,1,169.69,1,0.0,0.0,0.0,13,700,0,1,0,0,0,0,0,1
68,7,208.71857142857144,4,0.0,0.0,0.0,41,784,1,1,0,0,1,0,0,0
63,5,292.13,3,2.0,1.0,2.0,34,904,0,0,1,0,0,0,0,0
41,5,305.526,5,0.0,0.0,0.0,8,784,1,0,0,1,1,0,0,1
42,2,182.23,2,2.0,1.0,1.0,42,841,1,0,0,1,0,1,0,0
22,8,292.685,3,1.0,1.0,1.0,25,744,1,0,1,0,0,0,1,0
54,1,346.54,1,0.0,0.0,0.0,33,925,0,1,0,0,0,0,1,0
62,2,236.44,2,0.0,0.0,0.0,10,841,0,0,0,0,0,0,1,0
67,3,188.59666666666664,3,2.0,1.0,0.0,40,678,0,1,0,0,0,0,0,1
41,9,266.8888888888889,4,1.0,1.0,1.0,34,709,1,0,0,0,0,0,0,0
48,8,216.29125,4,2.0,1.0,2.0,44,870,1,0,0,0,0,1,0,1
43,9,307.4611111111111,5,0.0,0.0,0.0,33,1025,1,0,1,0,0,0,0,1
38,1,62.87,1,1.0,0.0,1.0,5,963,0,0,0,1,1,0,0,0
51,1,336.72,1,2.0,0.0,2.0,45,980,1,0,0,0,1,0,1,0
55,1,449.87,1,2.0,0.0,2.0,27,839,0,1,0,0,0,0,1,0
41,3,130.45333333333335,3,0.0,0.0,0.0,8,936,0,0,0,1,1,0,1,0
45,7,238.31714285714287,3,0.0,0.0,0.0,7,928,0,0,0,1,0,0,1,0
47,9,240.7033333333333,5,0.0,0.0,0.0,22,690,0,1,0,0,0,1,0,1
51,4,304.27,3,0.0,0.0,0.0,46,717,0,0,1,0,1,0,0,1
69,8,239.77,4,0.0,0.0,0.0,28,859,1,0,0,1,0,0,1,0
69,4,276.0525,3,1.0,0.0,0.0,9,684,1,0,0,0,1,0,0,1
40,4,204.5775,3,0.0,0.0,0.0,31,678,1,1,0,0,0,0,1,0
25,6,271.1166666666667,4,2.0,0.0,2.0,4,738,1,0,0,0,1,0,0,0
59,6,319.44666666666666,5,1.0,0.0,1.0,5,875,0,1,0,0,0,1,0,1
67,5,221.834,4,2.0,1.0,1.0,13,1025,0,1,0,0,1,0,0,0
27,9,246.3644444444444,5,0.0,0.0,0.0,6,671,0,0,0,1,1,0,0,0
18,3,83.82,3,0.0,0.0,0.0,23,1018,1,1,0,0,1,0,1,0
37,9,273.3411111111111,4,2.0,1.0,1.0,47,961,1,0,0,1,1,0,1,0
54,6,272.52166666666665,3,1.0,1.0,0.0,35,907,0,1,0,0,0,0,0,0
35,8,268.24125,3,1.0,0.0,0.0,34,1005,1,0,0,1,0,1,0,0
38,6,134.49333333333334,4,0.0,0.0,0.0,38,711,1,0,0,1,0,1,1,0
66,5,323.168,3,0.0,0.0,0.0,34,838,1,0,1,0,1,0,0,0
21,5,236.856,4,2.0,0.0,1.0,11,789,0,0,0,1,1,0,0,1
60,8,168.87625,4,1.0,0.0,1.0,6,875,1,0,0,1,0,1,0,1
19,9,376.2266666666667,3,1.0,0.0,0.0,32,835,0,0,0,1,0,1,0,1
38,9,291.6022222222222,3,2.0,0.0,0.0,35,1010,1,0,1,0,0,1,0,1
54,6,210.41333333333333,4,1.0,0.0,1.0,34,953,0,0,0,0,0,1,0,0
22,7,141.19857142857143,3,0.0,0.0,0.0,43,932,1,0,0,0,1,0,0,0
34,7,304.2442857142857,5,1.0,0.0,0.0,28,777,1,0,1,0,0,1,0,0
66,4,189.6825,3,2.0,1.0,1.0,5,805,0,0,0,1,1,0,1,0
65,7,232.03285714285715,4,2.0,0.0,1.0,34,751,0,0,0,1,1,0,0,0
28,1,393.84,1,0.0,0.0,0.0,33,870,0,1,0,0,0,1,0,0
63,6,183.5183333333333,3,0.0,0.0,0.0,12,708,1,0,0,0,0,0,1,0
58,7,294.7257142857143,5,2.0,0.0,1.0,40,976,0,0,0,1,1,0,1,0
48,6,247.18666666666664,4,1.0,0.0,0.0,44,701,1,0,0,1,0,1,0,1
45,5,298.36,3,0.0,0.0,0.0,38,1029,0,0,0,0,1,0,1,0
61,4,244.0,3,0.0,0.0,0.0,44,794,1,0,0,1,0,0,1,0
49,1,269.73,1,1.0,1.0,0.0,12,754,1,0,1,0,0,1,0,0
38,6,289.69,5,1.0,0.0,1.0,37,1028,1,0,0,1,1,0,1,0
24,2,108.395,2,1.0,0.0,0.0,1,672,0,0,0,1,0,0,0,1
27,6,259.12833333333333,4,2.0,2.0,2.0,40,793,1,0,0,0,0,0,0,0
45,2,381.955,2,0.0,0.0,0.0,5,856,0,0,1,0,1,0,0,1
65,2,229.385,2,1.0,1.0,0.0,2,701,1,1,0,0,0,1,0,0
53,9,269.91333333333336,5,0.0,0.0,0.0,46,709,1,0,0,0,0,1,1,0
37,8,164.64749999999998,5,0.0,0.0,0.0,25,930,1,1,0,0,1,0,1,0
30,4,175.83249999999998,3,2.0,1.0,2.0,38,772,1,1,0,0,0,0,0,0
36,6,222.7633333333333,4,0.0,0.0,0.0,25,694,0,0,1,0,0,0,0,1
67,3,183.97666666666663,3,1.0,0.0,1.0,48,727,1,1,0,0,0,0,0,0
28,7,330.38571428571424,3,2.0,2.0,1.0,22,861,1,0,1,0,0,0,0,0
52,4,252.435,3,2.0,1.0,2.0,1,813,0,0,0,1,1,0,1,0
51,9,258.3366666666667,4,2.0,1.0,1.0,25,747,1,0,1,0,0,0,1,0
61,5,307.322,3,0.0,0.0,0.0,33,741,0,0,0,0,1,0,1,0
21,9,271.8377777777778,5,1.0,0.0,1.0,22,815,0,1,0,0,0,1,0,1
30,1,392.1,1,1.0,1.0,1.0,31,850,1,0,1,0,0,1,0,0
54,9,225.32,5,1.0,1.0,0.0,19,992,1,0,0,0,0,0,1,0
19,5,272.47,3,0.0,0.0,0.0,48,821,0,0,1,0,0,0,0,0
67,1,172.81,1,0.0,0.0,0.0,18,866,0,1,0,0,0,0,1,0
18,6,267.715,4,0.0,0.0,0.0,1,831,0,1,0,0,0,1,0,0
57,6,273.2633333333333,4,0.0,0.0,0.0,19,1029,0,0,0,0,1,0,1,0
42,3,204.07333333333332,2,0.0,0.0,0.0,14,673,0,0,0,0,1,0,0,0
54,5,214.796,3,0.0,0.0,0.0,11,1024,0,0,0,0,1,0,1,0
53,9,342.06666666666666,5,2.0,0.0,1.0,8,767,0,0,0,0,0,0,0,0
23,9,210.4888888888889,5,2.0,2.0,1.0,18,875,0,0,0,0,1,0,0,0
24,5,391.858,3,2.0,1.0,0.0,9,838,1,1,0,0,0,0,0,0
21,2,322.875,2,2.0,1.0,1.0,43,995,0,0,0,1,0,1,0,1
52,9,284.1711111111111,5,2.0,0.0,1.0,28,777,1,0,0,0,1,0,0,1
58,9,232.22444444444443,5,0.0,0.0,0.0,11,801,1,0,0,1,0,0,0,0
51,9,285.04,4,1.0,0.0,1.0,49,732,0,0,0,0,1,0,1,0
46,4,115.61,3,1.0,0.0,1.0,41,694,0,0,0,0,0,1,0,1
22,4,111.58,3,1.0,0.0,0.0,30,990,1,0,0,0,1,0,1,0
44,3,114.50333333333332,2,0.0,0.0,0.0,44,673,1,1,0,0,1,0,1,0
50,6,225.59166666666667,4,1.0,0.0,0.0,27,899,0,0,0,1,0,1,1,0
63,8,291.71500000000003,4,1.0,0.0,1.0,26,897,0,1,0,0,0,0,1,0
69,6,218.60666666666663,4,0.0,0.0,0.0,49,695,0,0,1,0,0,0,0,0
27,9,223.12444444444444,4,1.0,1.0,1.0,12,722,0,0,0,0,0,0,1,0
23,8,296.5725,3,2.0,1.0,1.0,38,740,1,0,0,0,1,0,0,1
51,1,388.31,1,1.0,0.0,1.0,27,733,1,0,0,1,1,0,0,0
25,3,178.76999999999998,3,2.0,1.0,2.0,37,807,1,1,0,0,0,0,0,0
48,8,268.2475,3,0.0,0.0,0.0,17,858,1,1,0,0,0,0,0,0
26,4,409.84,3,1.0,0.0,1.0,46,721,1,1,0,0,1,0,0,0
38,6,344.595,4,0.0,0.0,0.0,9,888,1,0,0,0,0,0,1,0
25,2,325.94,2,2.0,0.0,1.0,6,871,1,0,0,1,0,0,1,0
21,6,214.39166666666665,4,2.0,0.0,1.0,13,770,0,0,1,0,1,0,0,0
39,2,324.735,2,1.0,0.0,1.0,6,1018,0,0,1,0,0,1,1,0
45,2,92.515,2,2.0,2.0,1.0,38,770,0,1,0,0,1,0,0,0
62,3,114.92333333333332,3,0.0,0.0,0.0,4,847,0,0,0,1,0,0,0,0
21,5,187.966,4,1.0,1.0,1.0,16,798,1,1,0,0,0,0,1,0
56,4,274.8625,3,1.0,1.0,1.0,36,983,1,1,0,0,0,1,0,1
38,2,226.435,2,2.0,1.0,0.0,43,754,0,1,0,0,0,1,0,1
25,2,287.525,2,2.0,2.0,0.0,14,994,1,0,1,0,1,0,1,0
37,3,238.7133333333333,2,0.0,0.0,0.0,29,1013,1,0,1,0,0,1,0,1
49,9,235.1266666666667,5,0.0,0.0,0.0,24,702,1,1,0,0,0,0,0,1
18,2,179.335,1,0.0,0.0,0.0,39,790,1,0,0,1,0,0,0,0
23,8,267.5325,4,2.0,1.0,1.0,39,671,0,0,1,0,0,0,1,0
45,9,336.4344444444444,5,2.0,1.0,2.0,45,1032,0,1,0,0,0,0,0,0
61,3,349.9866666666667,2,0.0,0.0,0.0,25,999,0,0,1,0,0,1,0,1
48,7,303.65857142857146,5,0.0,0.0,0.0,46,707,0,0,0,0,0,0,0,1
27,6,303.75666666666666,5,1.0,0.0,0.0,46,767,1,0,0,0,0,0,0,0
37,2,196.995,2,0.0,0.0,0.0,3,722,0,0,1,0,0,0,0,1
25,7,304.6485714285714,4,1.0,0.0,0.0,42,995,1,1,0,0,1,0,1,0
39,3,393.32666666666665,3,2.0,0.0,1.0,27,699,0,0,1,0,1,0,1,0
55,6,287.1616666666667,5,0.0,0.0,0.0,12,738,1,0,0,1,0,0,1,0
46,7,307.38,4,1.0,1.0,1.0,43,808,0,1,0,0,0,1,0,1
26,2,101.67,2,0.0,0.0,0.0,2,681,1,1,0,0,0,1,0,0
61,6,228.23333333333332,3,1.0,0.0,0.0,38,740,1,1,0,0,1,0,1,0
64,9,240.10555555555555,5,0.0,0.0,0.0,26,902,1,1,0,0,1,0,1,0
18,5,218.026,2,0.0,0.0,0.0,29,872,1,0,0,1,0,1,0,0
58,7,265.6042857142857,3,0.0,0.0,0.0,45,878,1,0,1,0,1,0,1,0
69,6,406.0416666666667,3,2.0,0.0,1.0,30,923,1,0,1,0,1,0,0,1
56,7,266.7442857142857,4,0.0,0.0,0.0,38,869,1,0,0,0,0,0,1,0
43,1,472.36,1,0.0,0.0,0.0,41,704,1,1,0,0,0,1,1,0
28,3,350.40333333333336,2,1.0,0.0,0.0,32,807,1,0,0,0,0,0,1,0
69,6,258.475,4,1.0,1.0,0.0,38,709,0,0,0,1,1,0,1,0
52,7,336.86285714285714,4,2.0,1.0,1.0,21,819,0,0,1,0,1,0,0,0
41,3,320.82666666666665,2,1.0,0.0,1.0,8,920,0,0,1,0,1,0,0,1
50,2,269.03,2,0.0,0.0,0.0,6,1009,0,1,0,0,1,0,0,1
37,5,266.28000000000003,2,0.0,0.0,0.0,4,1012,0,0,1,0,0,1,0,1
44,9,270.82222222222225,4,1.0,0.0,0.0,17,944,1,0,0,1,0,1,0,0
32,9,172.2511111111111,4,2.0,1.0,1.0,21,844,0,0,0,1,0,1,0,0
50,4,188.9825,3,2.0,0.0,2.0,4,680,0,1,0,0,0,1,0,1
69,8,296.65375,4,1.0,0.0,1.0,35,920,1,0,0,0,0,0,0,1
24,3,238.53333333333333,3,1.0,1.0,0.0,30,922,0,1,0,0,0,0,0,0
51,2,201.205,1,0.0,0.0,0.0,27,892,0,0,0,1,0,0,1,0
62,2,116.375,1,2.0,1.0,1.0,12,700,1,0,1,0,1,0,0,1
68,2,203.83,2,1.0,1.0,1.0,48,951,0,0,1,0,0,1,0,0
63,7,268.0514285714286,3,0.0,0.0,0.0,20,744,0,0,1,0,0,1,1,0
59,4,195.99,3,0.0,0.0,0.0,40,989,1,0,0,1,0,1,1,0
22,7,239.58285714285716,4,2.0,1.0,1.0,44,724,1,0,0,0,0,0,1,0
47,6,284.8933333333333,4,2.0,0.0,0.0,41,937,1,1,0,0,1,0,1,0
45,5,333.506,2,1.0,0.0,1.0,33,717,1,0,0,0,1,0,1,0
35,3,207.83,3,1.0,0.0,0.0,10,944,0,0,1,0,1,0,0,1
53,8,215.81375,3,2.0,1.0,1.0,5,710,0,1,0,0,0,0,0,0
20,9,261.88222222222225,3,2.0,1.0,1.0,11,925,0,0,0,1,0,1,0,0
38,9,153.73222222222222,4,0.0,0.0,0.0,21,748,1,0,0,1,0,0,0,0
63,1,215.12,1,2.0,1.0,1.0,20,922,0,0,0,0,0,1,1,0
33,8,330.2675,4,0.0,0.0,0.0,44,1001,1,1,0,0,1,0,0,0
54,9,328.84666666666664,5,1.0,0.0,0.0,9,1031,0,0,1,0,0,1,1,0
59,9,282.74333333333334,5,2.0,0.0,1.0,30,875,1,0,0,0,1,0,0,0
22,8,283.795,3,1.0,0.0,0.0,48,922,0,0,0,1,1,0,1,0
67,5,269.352,2,0.0,0.0,0.0,4,877,0,1,0,0,1,0,0,0
68,7,246.7,3,1.0,0.0,1.0,9,745,1,1,0,0,0,1,0,1
31,7,272.3,4,0.0,0.0,0.0,40,845,1,0,0,1,0,0,1,0
48,9,260.82444444444445,4,2.0,1.0,0.0,3,685,1,0,1,0,1,0,0,1
63,4,216.25,4,1.0,0.0,1.0,38,709,0,0,1,0,0,1,1,0
41,8,309.22375,5,2.0,1.0,1.0,25,781,0,0,0,1,1,0,0,1
52,9,128.7588888888889,4,0.0,0.0,0.0,37,902,1,0,0,1,0,1,0,0
53,5,295.28000000000003,3,0.0,0.0,0.0,30,868,1,0,1,0,0,0,0,0
27,3,145.97666666666666,3,2.0,1.0,1.0,31,909,1,0,0,0,1,0,0,1
44,4,296.995,2,0.0,0.0,0.0,17,1022,1,0,0,0,1,0,0,0
44,1,271.99,1,0.0,0.0,0.0,10,759,0,1,0,0,1,0,0,1
40,5,297.902,3,1.0,1.0,1.0,8,1019,1,1,0,0,0,0,0,0
30,9,273.7733333333333,4,1.0,1.0,1.0,2,1021,1,0,0,0,0,1,0,0
33,1,110.77,1,2.0,2.0,1.0,32,680,0,1,0,0,1,0,0,1
52,5,300.844,3,0.0,0.0,0.0,11,694,0,0,0,0,1,0,0,0
44,3,208.29,3,1.0,1.0,1.0,10,751,1,1,0,0,0,0,1,0
69,7,241.1842857142857,4,2.0,1.0,0.0,41,684,0,0,0,0,0,1,1,0
56,3,204.06,2,0.0,0.0,0.0,32,797,1,1,0,0,0,0,1,0
64,3,413.0533333333333,3,1.0,0.0,0.0,24,951,0,1,0,0,0,0,0,0
34,3,160.55999999999997,2,2.0,0.0,1.0,7,812,0,0,0,0,1,0,1,0
65,8,209.29375,5,1.0,0.0,1.0,29,809,1,0,1,0,0,1,1,0
58,7,306.6542857142857,5,0.0,0.0,0.0,2,1013,0,0,0,0,1,0,1,0
18,7,146.50571428571428,4,2.0,0.0,0.0,16,711,1,0,0,0,1,0,0,0
28,1,244.19,1,1.0,0.0,1.0,31,918,1,0,0,1,0,0,1,0
29,3,231.45,2,1.0,1.0,1.0,12,979,0,0,1,0,0,0,1,0
31,2,102.4,1,1.0,0.0,0.0,32,808,0,1,0,0,1,0,1,0
25,5,150.908,4,1.0,0.0,1.0,47,761,1,0,1,0,0,0,1,0
48,7,153.46428571428572,4,2.0,0.0,2.0,41,933,0,0,1,0,0,0,1,0
24,4,233.61,3,0.0,0.0,0.0,18,712,0,0,1,0,0,1,0,1
63,9,272.4877777777777,4,0.0,0.0,0.0,3,820,0,0,0,1,1,0,0,0
48,8,302.1125,4,0.0,0.0,0.0,16,977,1,0,0,1,1,0,0,1
33,6,321.58,5,1.0,0.0,0.0,49,715,0,1,0,0,0,1,0,1
59,1,67.65,1,1.0,0.0,0.0,42,1019,0,0,0,0,0,0,0,1
56,3,219.1233333333333,2,2.0,0.0,1.0,18,1028,1,0,1,0,0,1,1,0
61,2,471.22,1,1.0,0.0,1.0,44,806,0,1,0,0,0,1,0,1
36,1,238.83,1,2.0,1.0,1.0,15,831,1,1,0,0,0,1,0,1
25,6,176.81000000000003,4,1.0,0.0,1.0,41,703,1,0,0,1,0,0,1,0
46,8,248.215,4,2.0,0.0,2.0,37,727,1,0,0,0,0,1,1,0
19,4,263.385,3,2.0,1.0,2.0,23,924,1,0,0,0,1,0,0,0
59,5,314.948,2,1.0,0.0,1.0,26,691,0,0,0,1,0,0,1,0
20,5,208.344,3,2.0,0.0,1.0,7,765,1,0,1,0,0,1,1,0
68,8,203.745,4,1.0,0.0,0.0,48,919,1,0,0,1,0,1,1,0
46,2,97.315,2,0.0,0.0,0.0,21,915,1,1,0,0,0,1,0,1
32,8,234.2775,4,1.0,0.0,1.0,29,946,0,0,0,1,0,1,0,1
55,8,301.08125,4,2.0,1.0,1.0,45,707,1,0,0,0,0,1,0,1
45,9,190.84111111111116,4,2.0,1.0,1.0,7,869,1,0,1,0,0,1,1,0
54,6,264.56333333333333,3,1.0,1.0,1.0,6,808,1,1,0,0,1,0,1,0
49,7,151.48857142857145,4,0.0,0.0,0.0,27,775,1,1,0,0,0,0,1,0
47,2,133.025,1,1.0,0.0,0.0,43,781,1,0,0,0,1,0,0,0
68,1,328.56,1,2.0,0.0,1.0,46,856,1,0,0,1,0,1,0,1
64,1,163.69,1,0.0,0.0,0.0,17,981,1,1,0,0,0,1,0,1
47,1,12.46,1,2.0,1.0,1.0,24,965,1,0,0,1,0,1,0,0
68,3,342.72333333333336,2,1.0,0.0,0.0,28,812,1,1,0,0,1,0,0,1
51,4,189.8925,2,1.0,0.0,1.0,26,853,1,0,0,0,0,1,0,1
30,2,249.835,2,1.0,1.0,0.0,38,793,1,1,0,0,1,0,1,0
50,7,209.5742857142857,4,0.0,0.0,0.0,26,898,1,1,0,0,0,0,1,0
59,5,249.172,3,2.0,1.0,2.0,40,897,0,0,1,0,1,0,0,1
34,1,392.17,1,1.0,0.0,0.0,1,946,0,1,0,0,1,0,0,0
20,9,159.68555555555557,4,1.0,0.0,0.0,19,985,1,0,0,0,0,0,0,0
26,9,233.02777777777777,5,2.0,1.0,2.0,26,1004,0,1,0,0,0,1,0,0
69,7,223.93142857142857,5,0.0,0.0,0.0,35,844,0,0,0,0,1,0,0,0
28,5,227.06,4,1.0,0.0,0.0,16,694,0,0,0,1,0,0,1,0
66,6,188.7983333333333,3,1.0,0.0,1.0,13,859,1,0,0,0,1,0,0,0
44,6,276.36,3,2.0,1.0,1.0,10,767,0,0,0,1,1,0,0,1
45,8,334.5325,5,2.0,1.0,1.0,8,810,0,1,0,0,0,0,0,0
19,8,197.46125,5,0.0,0.0,0.0,27,750,1,0,0,0,1,0,0,0
18,4,189.6025,3,0.0,0.0,0.0,26,791,0,0,1,0,0,0,0,0
23,6,193.4983333333333,5,1.0,1.0,1.0,3,933,0,0,0,0,1,0,0,0
42,6,328.8233333333333,4,1.0,1.0,1.0,45,799,0,0,0,1,0,1,1,0
52,5,281.038,3,1.0,1.0,1.0,36,869,0,0,0,1,0,0,1,0
33,1,474.38,1,0.0,0.0,0.0,41,740,1,0,1,0,0,1,1,0
21,6,240.35833333333332,4,1.0,0.0,0.0,8,743,0,0,0,0,1,0,1,0
64,7,238.37,3,1.0,0.0,1.0,32,881,1,1,0,0,0,1,0,1
55,8,279.05125,4,2.0,1.0,1.0,19,725,0,0,0,0,0,0,0,1
61,1,143.34,1,0.0,0.0,0.0,12,943,0,0,0,0,1,0,1,0
37,9,287.49666666666667,3,1.0,1.0,0.0,45,976,0,0,0,0,0,0,1,0
42,1,77.31,1,2.0,0.0,0.0,45,944,0,0,1,0,1,0,0,0
24,8,222.4375,4,2.0,1.0,0.0,13,852,0,0,1,0,0,1,0,0
38,9,257.1655555555556,5,2.0,1.0,1.0,44,1012,1,0,1,0,0,1,1,0
24,9,273.4777777777778,5,2.0,0.0,0.0,48,877,1,0,1,0,0,0,1,0
46,5,184.71,4,0.0,0.0,0.0,45,715,1,0,1,0,0,0,0,0
69,1,308.82,1,2.0,2.0,1.0,7,849,0,1,0,0,1,0,0,1
24,4,216.075,3,1.0,1.0,0.0,47,923,1,0,0,0,0,0,1,0
20,7,242.9,4,2.0,0.0,1.0,47,792,0,0,0,0,0,0,0,1
46,9,276.7611111111111,4,0.0,0.0,0.0,16,677,1,1,0,0,0,1,0,1
46,4,365.7975,3,0.0,0.0,0.0,32,862,1,1,0,0,0,0,0,0
56,5,216.822,5,1.0,0.0,0.0,9,778,1,1,0,0,0,0,0,0
55,5,276.656,3,2.0,0.0,1.0,26,804,0,1,0,0,1,0,1,0
23,5,248.188,4,1.0,0.0,0.0,48,830,1,0,1,0,0,1,0,0
63,2,267.37,2,0.0,0.0,0.0,40,827,0,0,0,0,0,1,0,1
27,4,254.9175,3,0.0,0.0,0.0,47,825,1,1,0,0,1,0,0,1
54,9,160.74333333333334,4,1.0,0.0,0.0,20,707,0,0,0,1,0,1,1,0
31,9,253.4966666666667,5,2.0,0.0,1.0,6,757,0,1,0,0,1,0,0,1
39,4,224.3775,3,0.0,0.0,0.0,11,1011,0,0,0,0,1,0,0,0
49,3,212.68666666666664,3,0.0,0.0,0.0,29,679,0,0,0,1,0,0,1,0
35,2,341.595,1,0.0,0.0,0.0,7,1024,0,1,0,0,0,0,0,0
53,5,284.252,3,0.0,0.0,0.0,29,860,0,0,1,0,1,0,0,1
63,8,269.3275,4,1.0,1.0,0.0,43,761,0,0,1,0,0,0,0,0
69,7,214.34857142857143,3,0.0,0.0,0.0,4,1023,0,0,0,1,0,0,1,0
26,9,290.6033333333333,4,2.0,0.0,1.0,24,995,0,0,1,0,0,1,0,0
43,1,55.77,1,1.0,1.0,1.0,3,994,0,0,0,1,0,1,0,1
39,2,244.55,2,0.0,0.0,0.0,12,843,1,1,0,0,0,0,1,0
63,2,136.51,1,0.0,0.0,0.0,35,851,0,0,0,0,1,0,0,1
55,4,248.54,2,0.0,0.0,0.0,8,990,1,0,0,1,1,0,0,0
40,8,351.285,5,2.0,0.0,1.0,38,683,1,1,0,0,0,0,1,0
34,9,266.1222222222222,4,0.0,0.0,0.0,41,1017,0,0,0,1,0,0,1,0
43,5,136.35399999999998,3,0.0,0.0,0.0,38,670,1,0,0,0,1,0,0,0
64,7,184.22142857142856,4,2.0,1.0,0.0,15,776,0,0,1,0,0,1,0,0
55,3,316.2266666666667,2,0.0,0.0,0.0,5,728,0,0,1,0,0,1,0,1
19,7,254.78142857142856,4,2.0,0.0,2.0,40,899,1,0,0,1,1,0,0,1
23,1,104.0,1,1.0,0.0,1.0,16,949,0,0,0,0,0,0,1,0
24,1,35.24,1,1.0,0.0,1.0,46,1033,1,1,0,0,0,1,1,0
30,3,269.16,3,1.0,0.0,1.0,28,763,1,1,0,0,1,0,0,1
44,1,346.94,1,0.0,0.0,0.0,13,833,1,1,0,0,0,0,0,0
28,6,228.94333333333336,3,0.0,0.0,0.0,41,916,1,0,0,1,0,0,0,1
32,1,391.99,1,1.0,1.0,1.0,11,978,0,0,1,0,0,1,0,1
26,5,231.878,3,2.0,0.0,0.0,37,701,0,0,0,1,0,0,0,0
25,8,224.0675,4,1.0,0.0,0.0,3,964,0,0,0,1,1,0,0,1
63,8,146.29,3,0.0,0.0,0.0,8,784,1,0,0,1,1,0,0,0
23,2,277.955,1,1.0,0.0,1.0,38,882,0,1,0,0,1,0,1,0
65,9,357.8111111111112,5,2.0,0.0,1.0,47,1024,1,0,0,0,1,0,0,0
60,7,278.6614285714286,3,2.0,0.0,2.0,34,912,1,0,0,1,0,0,0,1
21,6,307.535,4,1.0,0.0,1.0,38,842,1,1,0,0,1,0,0,0
28,2,217.43,2,0.0,0.0,0.0,42,685,1,0,0,1,0,1,1,0
68,6,258.5216666666667,3,2.0,0.0,1.0,24,1005,1,0,0,1,0,0,0,1
45,5,184.266,4,0.0,0.0,0.0,18,917,1,1,0,0,0,0,0,1
43,3,271.58,2,1.0,0.0,1.0,25,942,0,0,0,0,0,0,0,1
21,7,306.22285714285715,3,2.0,0.0,0.0,13,882,0,0,0,0,1,0,0,1
32,2,238.865,2,1.0,0.0,1.0,39,738,0,0,1,0,0,0,0,1
36,2,313.645,2,0.0,0.0,0.0,22,748,1,0,0,1,1,0,0,0
23,8,256.025,5,1.0,1.0,0.0,30,794,1,0,1,0,1,0,1,0
22,6,208.6833333333333,5,0.0,0.0,0.0,30,810,0,1,0,0,0,0,0,0
35,5,310.488,4,1.0,1.0,1.0,37,910,0,0,0,1,0,0,0,1
23,2,80.535,2,1.0,0.0,0.0,45,995,0,1,0,0,1,0,0,0
48,6,207.965,5,1.0,0.0,0.0,43,681,1,0,1,0,0,0,0,1
42,8,194.9375,5,0.0,0.0,0.0,15,681,0,1,0,0,0,0,1,0
21,9,207.3022222222222,5,1.0,0.0,1.0,35,685,0,1,0,0,1,0,0,0
23,3,227.04666666666665,2,2.0,0.0,2.0,6,1020,1,0,0,0,1,0,1,0
58,5,209.424,3,2.0,1.0,1.0,11,788,1,0,0,1,0,0,0,0
54,8,270.68625000000003,4,2.0,0.0,1.0,28,757,0,0,0,1,1,0,0,1
67,3,192.1,3,1.0,1.0,1.0,30,973,0,0,0,1,1,0,0,1
42,9,236.89444444444447,4,2.0,0.0,1.0,16,902,1,1,0,0,0,1,0,0
51,3,225.12,1,2.0,2.0,2.0,28,890,1,0,0,0,0,0,0,0
36,2,169.485,2,0.0,0.0,0.0,25,755,1,0,1,0,0,0,1,0
51,9,232.75666666666663,5,1.0,1.0,0.0,48,888,1,0,0,1,0,0,1,0
32,8,289.7075,5,1.0,1.0,0.0,30,862,0,1,0,0,0,0,0,1
67,2,291.55,2,0.0,0.0,0.0,45,946,0,0,0,0,0,0,1,0
25,4,279.6025,3,2.0,1.0,0.0,14,826,0,0,0,0,1,0,1,0
61,6,188.67166666666665,4,0.0,0.0,0.0,27,875,0,0,0,1,0,0,0,1
64,9,293.25333333333333,4,0.0,0.0,0.0,48,874,0,0,0,0,0,0,0,1
66,2,302.41,1,1.0,0.0,0.0,30,683,1,0,0,0,0,1,0,0
51,4,241.77,2,2.0,1.0,2.0,10,699,1,1,0,0,1,0,1,0
35,2,142.285,2,0.0,0.0,0.0,20,998,0,0,1,0,0,0,0,0
47,3,206.09,3,2.0,1.0,1.0,44,978,1,0,0,0,0,0,1,0
30,8,325.05125,4,2.0,0.0,1.0,7,802,0,0,1,0,0,0,0,1
64,6,195.39166666666665,2,1.0,1.0,0.0,34,799,0,0,0,0,0,0,0,1
50,9,228.5288888888889,4,2.0,0.0,0.0,27,694,0,0,0,0,1,0,0,1
52,6,260.15833333333336,4,2.0,1.0,1.0,23,858,0,0,0,0,0,1,1,0
69,4,280.5175,3,0.0,0.0,0.0,46,727,1,0,0,1,0,1,0,1
41,3,179.89333333333332,3,0.0,0.0,0.0,45,985,0,0,0,1,0,0,0,1
43,6,346.95,3,0.0,0.0,0.0,25,814,0,0,0,1,0,1,0,0
64,5,296.824,4,1.0,0.0,0.0,28,786,0,0,1,0,0,1,0,0
68,9,191.72222222222223,4,2.0,0.0,2.0,18,816,1,0,1,0,0,1,1,0
61,2,287.985,2,1.0,1.0,0.0,13,964,0,0,0,1,0,1,0,1
59,1,477.75,1,2.0,0.0,1.0,13,1005,1,0,1,0,0,1,1,0
64,9,145.4688888888889,3,1.0,0.0,0.0,45,1028,1,1,0,0,1,0,1,0
18,9,286.4388888888889,5,1.0,1.0,1.0,34,725,0,0,1,0,1,0,0,0
30,5,138.626,3,2.0,1.0,0.0,14,917,1,1,0,0,1,0,0,0
27,1,496.99,1,0.0,0.0,0.0,28,989,1,0,0,1,0,1,0,0
36,5,215.84,3,1.0,0.0,0.0,13,694,0,1,0,0,1,0,1,0
22,3,303.41,3,2.0,1.0,0.0,34,845,0,0,0,1,0,1,0,1
25,8,273.71125,4,0.0,0.0,0.0,5,813,1,0,0,1,0,1,0,0
21,5,213.692,4,0.0,0.0,0.0,40,801,0,0,0,1,1,0,0,0
66,5,251.49,3,2.0,1.0,1.0,10,889,1,0,1,0,0,0,0,0
30,6,161.77833333333334,3,2.0,0.0,2.0,36,1005,0,0,0,0,0,1,0,1
55,7,214.3757142857143,4,2.0,1.0,1.0,6,932,0,0,0,0,0,1,1,0
63,4,281.145,3,2.0,0.0,2.0,21,915,0,1,0,0,1,0,1,0
66,8,239.86375,4,0.0,0.0,0.0,35,847,1,0,0,0,0,1,0,1
63,1,41.49,1,0.0,0.0,0.0,16,707,1,0,0,1,0,1,1,0
36,5,317.38,4,1.0,0.0,0.0,20,822,1,0,0,0,0,1,0,1
69,5,329.546,3,2.0,1.0,1.0,31,817,0,1,0,0,1,0,0,0
67,6,248.0,3,0.0,0.0,0.0,5,770,1,0,0,1,0,0,0,1
25,9,229.39,5,2.0,1.0,1.0,6,830,0,0,1,0,0,0,1,0
44,6,260.51,4,1.0,0.0,0.0,2,837,0,0,0,1,1,0,0,0
67,7,301.0842857142857,5,1.0,1.0,1.0,39,743,1,0,0,1,0,1,0,0
64,2,274.305,1,1.0,0.0,0.0,22,1007,0,1,0,0,0,0,0,0
47,5,208.558,4,1.0,0.0,1.0,11,785,1,0,1,0,1,0,0,0
21,6,188.94666666666663,2,0.0,0.0,0.0,15,813,0,0,0,1,1,0,0,1
28,4,391.9275,3,2.0,0.0,1.0,13,814,1,0,1,0,0,1,1,0
38,7,280.11,4,1.0,0.0,0.0,33,754,0,0,0,1,0,1,1,0
60,9,237.9333333333333,5,2.0,0.0,1.0,46,782,0,0,0,1,1,0,0,0
19,8,156.9225,4,2.0,2.0,1.0,14,905,1,1,0,0,1,0,0,1
38,5,208.23,2,0.0,0.0,0.0,39,803,1,0,0,1,1,0,1,0
34,8,219.4625,5,2.0,1.0,0.0,2,772,0,0,0,1,0,0,0,1
60,9,309.12888888888887,4,1.0,0.0,0.0,10,917,1,0,0,1,0,1,0,1
68,2,220.66,2,2.0,0.0,0.0,42,680,0,0,0,0,1,0,0,1
46,5,276.23400000000004,3,2.0,0.0,1.0,30,817,0,0,1,0,0,1,1,0
44,6,198.1916666666667,3,1.0,0.0,0.0,32,748,0,1,0,0,0,0,0,1
41,6,405.125,4,2.0,2.0,0.0,9,892,0,1,0,0,1,0,0,1
66,4,248.26,3,1.0,0.0,0.0,48,670,0,1,0,0,0,1,1,0
20,9,256.6611111111111,5,0.0,0.0,0.0,16,995,1,0,0,1,0,0,0,1
56,4,230.555,2,1.0,0.0,0.0,39,672,1,0,1,0,1,0,0,1
27,6,158.99166666666665,3,2.0,0.0,0.0,5,888,1,0,0,0,0,1,0,0
20,4,228.0325,2,1.0,0.0,1.0,46,1032,0,0,0,0,1,0,0,0
62,5,242.618,3,2.0,1.0,1.0,15,887,1,1,0,0,0,1,1,0
59,7,231.71285714285716,4,0.0,0.0,0.0,4,787,1,0,1,0,0,1,0,1
43,2,252.145,1,2.0,0.0,1.0,24,785,1,0,0,0,0,0,0,0
54,8,267.04875,4,1.0,0.0,1.0,25,717,0,1,0,0,0,0,0,1
44,7,316.9328571428572,4,1.0,0.0,0.0,37,682,1,0,0,0,0,0,0,1
22,6,183.4366666666667,4,1.0,1.0,0.0,24,1018,1,0,0,0,0,0,0,1
59,3,140.43333333333334,3,1.0,1.0,0.0,42,803,1,0,1,0,0,0,1,0
28,4,304.3525,3,0.0,0.0,0.0,13,976,0,1,0,0,0,1,0,0
30,6,293.2716666666667,2,2.0,0.0,1.0,20,805,1,0,0,0,0,0,1,0
58,9,164.70666666666668,5,0.0,0.0,0.0,5,994,0,0,0,1,0,1,0,0
51,4,322.52,3,1.0,1.0,0.0,20,987,0,0,0,1,0,1,1,0
55,2,435.555,2,1.0,1.0,0.0,18,937,1,0,0,0,1,0,1,0
57,7,291.7557142857143,4,2.0,1.0,0.0,39,967,0,0,1,0,0,1,0,0
50,8,275.78625,4,0.0,0.0,0.0,49,693,1,0,1,0,0,1,0,1
51,9,183.36333333333332,5,2.0,0.0,0.0,3,893,0,0,0,0,0,0,1,0
44,2,246.69,2,0.0,0.0,0.0,44,802,1,0,1,0,0,1,1,0
53,8,162.42125,4,0.0,0.0,0.0,31,742,1,0,1,0,0,0,1,0
43,4,84.475,2,0.0,0.0,0.0,30,684,0,0,0,1,0,1,0,1
68,8,161.9675,3,1.0,1.0,0.0,41,953,1,1,0,0,0,1,1,0
42,5,197.052,4,1.0,0.0,1.0,24,909,0,1,0,0,0,0,0,1
36,2,283.23,2,0.0,0.0,0.0,5,784,1,0,0,0,1,0,1,0
38,2,152.475,2,1.0,1.0,0.0,20,865,0,0,0,0,0,1,0,0
48,9,252.8044444444444,4,2.0,1.0,2.0,24,1006,0,0,0,0,0,1,0,0
46,3,217.1266666666667,3,1.0,0.0,0.0,17,670,0,0,0,1,0,0,1,0
26,1,318.01,1,0.0,0.0,0.0,8,1000,0,0,0,1,0,0,1,0
36,9,120.78333333333332,3,0.0,0.0,0.0,21,720,0,0,1,0,1,0,0,1
43,6,183.24166666666667,4,1.0,1.0,1.0,14,836,1,0,0,1,1,0,0,0
42,6,386.32166666666666,4,0.0,0.0,0.0,38,753,1,1,0,0,1,0,1,0
57,4,340.3975,3,1.0,0.0,1.0,32,750,0,0,0,1,0,1,1,0
60,1,144.37,1,0.0,0.0,0.0,36,871,1,0,0,0,0,1,1,0
46,2,197.995,2,0.0,0.0,0.0,40,837,1,1,0,0,0,0,0,1
42,8,177.24375,4,1.0,0.0,1.0,4,789,0,0,1,0,0,0,0,0
36,5,292.724,3,0.0,0.0,0.0,21,801,0,1,0,0,0,0,0,1
21,5,200.158,3,1.0,0.0,1.0,25,778,0,0,0,1,1,0,0,0
62,5,304.372,3,1.0,0.0,1.0,45,710,0,0,0,1,1,0,0,0
37,5,165.04000000000002,4,1.0,1.0,0.0,1,833,1,0,1,0,1,0,0,0
63,6,188.40666666666667,2,2.0,1.0,0.0,47,878,1,0,0,0,0,1,0,0
18,7,228.57285714285717,4,0.0,0.0,0.0,13,797,0,0,1,0,0,1,0,1
28,9,192.21444444444444,5,2.0,1.0,1.0,16,1032,1,0,1,0,0,0,1,0
21,5,236.52,4,0.0,0.0,0.0,29,856,1,0,1,0,1,0,0,0
24,5,199.566,2,1.0,1.0,0.0,39,860,0,0,1,0,0,1,0,0
45,8,228.6825,4,1.0,0.0,1.0,29,819,1,0,0,1,1,0,0,1
53,8,350.83625,3,1.0,1.0,0.0,12,947,1,0,0,0,0,1,0,0
24,5,213.906,4,1.0,1.0,0.0,31,997,0,1,0,0,1,0,0,1
37,6,250.87166666666667,4,0.0,0.0,0.0,20,731,1,0,0,0,0,1,0,0
52,8,279.8575,5,0.0,0.0,0.0,35,986,1,0,0,0,0,1,1,0
68,5,333.496,2,0.0,0.0,0.0,41,773,1,0,1,0,0,1,0,0
68,6,278.82166666666666,5,2.0,1.0,0.0,28,709,0,0,0,0,0,1,1,0
56,2,345.08000000000004,2,2.0,0.0,1.0,35,1032,0,0,1,0,0,0,0,0
38,5,166.108,4,2.0,1.0,1.0,29,1015,1,1,0,0,1,0,0,1
61,1,38.12,1,0.0,0.0,0.0,44,803,0,0,1,0,0,1,0,0
18,2,290.09,1,1.0,0.0,0.0,39,1006,1,1,0,0,0,1,1,0
54,4,142.2825,2,1.0,1.0,1.0,29,769,0,0,0,0,1,0,0,0
63,3,392.98333333333335,3,1.0,1.0,1.0,34,700,1,0,1,0,0,1,0,1
59,1,47.85,1,2.0,0.0,1.0,10,842,0,0,0,1,0,1,0,0
20,8,332.02,4,2.0,0.0,1.0,37,767,1,1,0,0,1,0,1,0
51,3,174.78666666666666,2,0.0,0.0,0.0,48,897,1,0,0,0,0,0,0,1
30,1,379.0,1,1.0,0.0,0.0,7,844,0,1,0,0,0,0,0,0
33,2,112.165,1,2.0,1.0,0.0,9,815,1,0,1,0,0,1,0,1
51,9,257.8777777777778,4,0.0,0.0,0.0,16,830,1,0,0,1,0,0,0,1
41,2,205.18,2,2.0,0.0,1.0,21,888,0,1,0,0,0,0,0,0
30,2,129.395,2,1.0,0.0,0.0,14,899,0,1,0,0,0,1,0,1
23,6,263.5216666666667,4,0.0,0.0,0.0,2,969,1,1,0,0,0,1,1,0
56,7,147.29142857142855,5,2.0,0.0,1.0,26,748,1,0,0,0,0,0,1,0
19,7,219.5928571428572,5,0.0,0.0,0.0,34,956,1,0,0,1,0,1,0,1
28,9,304.41,4,1.0,0.0,1.0,47,874,0,0,0,1,0,1,0,0
24,2,220.045,1,0.0,0.0,0.0,49,675,0,0,0,1,0,0,0,1
24,6,164.19833333333335,3,0.0,0.0,0.0,18,681,1,1,0,0,1,0,0,1
56,6,309.6683333333333,4,0.0,0.0,0.0,12,832,1,1,0,0,0,0,0,1
56,7,244.00857142857143,4,2.0,1.0,1.0,19,686,1,1,0,0,0,0,1,0
29,1,358.81,1,1.0,0.0,1.0,36,1017,1,1,0,0,0,0,0,1
68,4,317.2075,3,2.0,1.0,1.0,38,776,0,0,1,0,0,1,1,0
39,8,338.75875,3,0.0,0.0,0.0,16,915,1,0,1,0,0,0,0,1
68,3,289.5733333333333,3,0.0,0.0,0.0,46,742,1,0,0,0,0,1,0,1
68,1,488.21,1,2.0,0.0,0.0,8,672,0,1,0,0,1,0,0,0
69,8,258.33875,4,0.0,0.0,0.0,9,699,0,0,0,0,0,0,0,1
20,8,242.5775,5,1.0,0.0,0.0,4,772,0,0,0,1,1,0,1,0
30,7,312.7928571428571,3,0.0,0.0,0.0,36,884,0,1,0,0,0,0,0,1
47,8,272.7025,5,0.0,0.0,0.0,47,818,1,0,1,0,0,1,0,1
27,1,328.09,1,1.0,0.0,0.0,38,843,1,1,0,0,1,0,1,0
69,7,187.31857142857143,4,2.0,0.0,0.0,49,721,0,0,0,1,0,0,1,0
26,1,189.28,1,2.0,1.0,1.0,49,944,0,0,0,0,1,0,0,1
23,3,248.42,2,0.0,0.0,0.0,45,782,1,1,0,0,0,1,0,1
61,7,110.95857142857145,5,2.0,1.0,2.0,4,747,1,0,1,0,0,1,0,1
19,9,229.89222222222224,5,1.0,0.0,1.0,8,757,1,0,0,1,0,0,1,0
61,9,270.1144444444444,4,2.0,0.0,1.0,43,1026,0,0,0,1,0,0,0,0
33,7,313.9757142857143,3,1.0,1.0,0.0,7,802,0,0,0,0,1,0,0,0
30,4,203.07,2,2.0,1.0,1.0,3,965,0,1,0,0,0,1,0,1
65,3,145.64666666666668,3,1.0,0.0,1.0,1,788,1,0,1,0,0,1,1,0
30,4,76.72,2,0.0,0.0,0.0,4,1009,1,1,0,0,0,0,0,0
39,2,184.735,2,2.0,0.0,0.0,1,975,1,0,1,0,0,1,0,0
36,5,320.434,3,2.0,0.0,2.0,46,961,0,0,0,0,0,1,0,1
43,1,183.21,1,1.0,0.0,1.0,42,1019,0,0,0,1,0,1,0,0
31,9,336.3233333333333,4,2.0,1.0,1.0,38,748,1,0,0,0,1,0,0,0
48,3,327.75333333333333,2,2.0,0.0,1.0,37,802,1,0,0,1,1,0,0,0
46,7,235.5828571428572,5,0.0,0.0,0.0,12,766,0,1,0,0,1,0,0,0
62,8,175.37875,4,1.0,0.0,0.0,42,709,0,0,0,1,0,1,1,0
59,8,265.66,5,2.0,1.0,2.0,10,802,0,0,1,0,0,0,0,0
39,9,310.44444444444446,4,1.0,0.0,1.0,47,1026,1,0,0,0,0,0,1,0
24,1,38.78,1,1.0,0.0,1.0,1,685,1,0,0,1,0,0,0,1
54,3,117.84666666666668,2,1.0,0.0,0.0,2,953,0,0,0,1,1,0,1,0
66,2,258.97,2,0.0,0.0,0.0,12,1021,1,1,0,0,0,1,0,1
58,7,148.6,4,2.0,0.0,1.0,39,775,0,1,0,0,1,0,1,0
44,4,190.695,3,1.0,1.0,0.0,48,862,1,1,0,0,1,0,0,0
48,7,240.62714285714287,3,1.0,1.0,0.0,36,707,1,0,1,0,0,0,0,0
23,8,152.81875,5,1.0,0.0,1.0,7,704,1,1,0,0,0,0,1,0
33,5,247.16,4,0.0,0.0,0.0,38,942,0,0,0,1,0,1,0,1
55,1,54.82,1,0.0,0.0,0.0,25,877,1,0,1,0,1,0,0,1
55,9,207.23222222222225,4,2.0,1.0,1.0,3,695,0,1,0,0,0,1,0,1
67,3,239.41333333333333,2,0.0,0.0,0.0,27,1002,1,0,0,1,1,0,1,0
49,4,199.285,3,0.0,0.0,0.0,24,807,0,0,1,0,0,1,1,0
50,3,352.9666666666667,2,0.0,0.0,0.0,27,977,0,0,0,1,1,0,0,0
66,9,212.7788888888889,5,1.0,1.0,1.0,6,824,0,1,0,0,0,1,0,0
34,1,267.44,1,2.0,0.0,0.0,25,775,0,1,0,0,1,0,0,0
50,7,246.1142857142857,4,2.0,1.0,1.0,43,823,0,0,1,0,1,0,0,1
28,7,255.22857142857143,4,0.0,0.0,0.0,31,862,1,0,0,0,0,0,1,0
30,6,196.1433333333333,4,0.0,0.0,0.0,44,792,1,0,0,1,1,0,0,0
47,8,224.92,3,1.0,0.0,0.0,9,905,0,0,0,1,0,0,0,0
18,4,285.20500000000004,4,0.0,0.0,0.0,39,751,0,0,0,0,0,1,0,0
47,7,221.06714285714287,4,0.0,0.0,0.0,29,687,0,0,0,0,0,0,0,1
44,9,228.78,4,1.0,0.0,1.0,14,754,1,0,0,1,1,0,0,0
57,6,296.3666666666667,4,1.0,0.0,1.0,36,726,0,0,1,0,0,0,1,0
40,3,378.3333333333333,3,1.0,1.0,1.0,29,813,1,0,0,0,0,0,0,1
37,9,273.65,4,2.0,0.0,2.0,43,994,0,1,0,0,0,1,0,1
23,2,380.065,2,1.0,0.0,1.0,41,951,1,0,1,0,0,0,0,1
54,5,386.082,4,0.0,0.0,0.0,38,1015,0,0,0,0,0,1,0,0
37,1,157.62,1,0.0,0.0,0.0,22,912,1,1,0,0,0,1,1,0
54,5,292.468,4,0.0,0.0,0.0,12,878,1,1,0,0,0,0,0,0
23,8,323.0825,4,2.0,0.0,1.0,40,894,0,0,0,1,1,0,0,1
46,1,358.27,1,0.0,0.0,0.0,49,988,0,0,1,0,0,1,1,0
30,2,404.805,1,0.0,0.0,0.0,26,813,0,0,0,0,0,0,0,1
44,5,397.056,3,1.0,0.0,1.0,46,966,0,1,0,0,0,1,0,0
67,1,350.46,1,1.0,0.0,0.0,28,879,1,0,0,1,0,0,1,0
37,1,74.06,1,2.0,1.0,1.0,21,916,1,0,0,0,0,0,0,1
30,1,282.29,1,1.0,0.0,0.0,27,717,1,1,0,0,1,0,0,0
56,4,234.8475,3,2.0,0.0,0.0,33,734,1,0,0,1,0,0,0,1
25,9,287.95222222222225,5,0.0,0.0,0.0,29,826,1,1,0,0,0,1,0,0
34,7,263.2371428571428,4,2.0,1.0,1.0,24,946,1,0,0,1,0,1,0,0
47,3,231.9766666666667,3,1.0,0.0,1.0,32,865,0,0,0,1,1,0,0,1
18,1,394.48,1,0.0,0.0,0.0,6,709,1,0,1,0,0,1,0,1
41,7,219.49,5,2.0,2.0,1.0,27,941,1,0,0,0,1,0,0,0
33,6,240.1383333333333,3,0.0,0.0,0.0,16,770,1,0,0,1,0,0,0,1
28,7,219.9171428571429,5,0.0,0.0,0.0,36,871,0,1,0,0,0,0,1,0
21,2,199.46,2,1.0,0.0,0.0,47,957,1,0,0,0,0,0,0,1
21,5,256.02000000000004,3,2.0,2.0,1.0,30,880,0,0,0,0,1,0,0,1
34,5,108.23999999999998,4,0.0,0.0,0.0,15,834,1,0,0,0,0,1,0,1
66,3,150.60666666666663,3,0.0,0.0,0.0,8,718,1,0,1,0,0,1,0,0
27,3,196.35333333333327,3,1.0,0.0,1.0,31,909,0,0,0,1,0,0,0,1
38,5,283.224,4,0.0,0.0,0.0,9,992,1,0,0,1,0,1,0,0
55,4,239.075,3,0.0,0.0,0.0,42,872,1,0,0,1,1,0,1,0
66,4,271.2925,2,0.0,0.0,0.0,21,923,0,0,0,1,1,0,1,0
35,7,213.56,4,2.0,1.0,1.0,39,723,0,1,0,0,1,0,1,0
27,1,344.33,1,1.0,0.0,1.0,39,956,1,0,0,1,1,0,0,1
62,9,286.7311111111111,5,2.0,1.0,1.0,43,741,1,0,0,0,0,1,0,1
33,6,334.8866666666667,4,0.0,0.0,0.0,20,834,0,0,0,1,1,0,1,0
56,6,242.29,4,2.0,1.0,1.0,26,693,0,0,0,1,0,1,0,1
32,3,286.0133333333333,3,0.0,0.0,0.0,38,742,0,0,0,1,0,0,1,0
51,1,32.8,1,0.0,0.0,0.0,43,883,0,0,0,1,0,1,0,0
22,5,194.56,4,1.0,1.0,1.0,14,894,1,0,1,0,1,0,1,0
34,1,285.35,1,0.0,0.0,0.0,48,714,1,0,0,0,0,1,1,0
54,6,258.92,3,2.0,0.0,2.0,41,994,0,0,1,0,0,0,1,0
25,3,321.4433333333333,2,2.0,0.0,1.0,21,914,1,0,0,0,0,0,0,0
41,4,255.27,3,2.0,0.0,2.0,19,941,0,0,0,1,0,0,1,0
45,3,220.11,2,2.0,0.0,0.0,14,775,0,0,0,1,0,1,1,0
64,9,260.98,4,2.0,0.0,1.0,9,963,1,0,0,0,1,0,1,0
25,1,213.98,1,1.0,1.0,1.0,42,843,0,0,0,0,1,0,0,0
40,7,299.67857142857144,3,0.0,0.0,0.0,4,899,0,0,1,0,0,1,0,0
52,1,230.71,1,0.0,0.0,0.0,23,917,1,0,1,0,1,0,1,0
48,2,172.06,2,1.0,0.0,0.0,22,1018,1,1,0,0,1,0,1,0
34,4,324.24,3,1.0,1.0,1.0,20,920,0,1,0,0,0,1,1,0
45,6,124.78000000000002,4,2.0,1.0,2.0,19,954,1,0,1,0,0,0,0,1
65,2,141.975,2,0.0,0.0,0.0,19,745,1,1,0,0,1,0,0,0
65,3,368.48,1,0.0,0.0,0.0,23,736,1,0,1,0,0,0,0,0
68,1,56.53,1,0.0,0.0,0.0,31,744,1,0,1,0,1,0,0,1
29,6,298.3016666666667,4,0.0,0.0,0.0,46,780,1,0,1,0,0,0,0,0
41,7,270.31142857142856,4,0.0,0.0,0.0,19,778,1,1,0,0,0,0,0,0
32,2,278.81,2,0.0,0.0,0.0,44,987,0,0,0,0,1,0,1,0
57,3,257.44666666666666,2,2.0,1.0,0.0,20,996,1,0,0,1,1,0,1,0
48,7,209.3571428571429,5,1.0,1.0,1.0,26,778,0,1,0,0,0,1,0,0
44,7,244.46857142857144,4,1.0,0.0,0.0,6,897,0,0,0,1,1,0,0,1
52,8,259.9375,4,1.0,1.0,1.0,28,911,0,0,0,1,1,0,1,0
35,1,285.43,1,0.0,0.0,0.0,41,769,1,0,0,0,0,1,0,1
53,6,152.20166666666668,3,1.0,0.0,0.0,4,864,1,1,0,0,0,0,0,0
25,5,279.06000000000006,2,2.0,2.0,1.0,49,906,0,0,0,1,0,1,0,0
63,8,140.88,4,1.0,1.0,0.0,44,914,0,0,0,0,0,0,0,1
66,5,350.516,4,2.0,0.0,1.0,9,972,0,0,0,0,0,1,0,1
55,7,198.9442857142857,4,2.0,1.0,0.0,49,723,0,0,1,0,1,0,1,0
22,7,240.52142857142857,5,0.0,0.0,0.0,14,876,1,1,0,0,1,0,0,0
31,9,282.56888888888886,5,2.0,1.0,2.0,31,990,0,0,0,1,0,0,0,1
55,7,218.6314285714286,5,2.0,2.0,2.0,29,828,1,0,0,0,1,0,0,1
37,1,483.5,1,2.0,1.0,1.0,49,877,0,0,0,1,0,0,0,0
61,3,267.12,2,0.0,0.0,0.0,22,775,1,1,0,0,0,1,0,1
26,1,311.62,1,1.0,0.0,1.0,9,950,1,0,1,0,1,0,0,1
50,1,81.64,1,0.0,0.0,0.0,11,674,0,0,0,1,0,0,0,1
35,9,200.14888888888888,4,2.0,2.0,2.0,25,831,0,0,1,0,0,1,0,0
23,5,204.0,4,1.0,0.0,0.0,34,823,0,0,0,0,1,0,0,1
54,1,227.25,1,0.0,0.0,0.0,38,1006,0,0,1,0,1,0,0,0
19,2,209.91,2,0.0,0.0,0.0,5,944,1,0,0,1,0,0,0,0
47,1,252.15,1,0.0,0.0,0.0,47,844,1,1,0,0,1,0,0,1
23,9,265.91777777777776,4,0.0,0.0,0.0,23,1027,1,0,0,1,0,0,0,1
34,6,278.465,3,0.0,0.0,0.0,22,810,1,0,0,1,1,0,0,0
